-- --------------------------------------------------------
-- Host:                         127.0.0.1
-- Server version:               5.6.17 - MySQL Community Server (GPL)
-- Server OS:                    Win32
-- HeidiSQL Version:             9.1.0.4867
-- --------------------------------------------------------

/*!40101 SET @OLD_CHARACTER_SET_CLIENT=@@CHARACTER_SET_CLIENT */;
/*!40101 SET NAMES utf8mb4 */;
/*!40014 SET @OLD_FOREIGN_KEY_CHECKS=@@FOREIGN_KEY_CHECKS, FOREIGN_KEY_CHECKS=0 */;
/*!40101 SET @OLD_SQL_MODE=@@SQL_MODE, SQL_MODE='NO_AUTO_VALUE_ON_ZERO' */;

-- Dumping database structure for yg_temple
CREATE DATABASE IF NOT EXISTS `yg_temple` /*!40100 DEFAULT CHARACTER SET latin1 */;
USE `yg_temple`;


-- Dumping structure for table yg_temple.application_details
CREATE TABLE IF NOT EXISTS `application_details` (
  `id` bigint(10) NOT NULL AUTO_INCREMENT,
  `application_id` varchar(100) DEFAULT NULL,
  `application_number` varchar(100) DEFAULT NULL,
  `customer_id` varchar(100) DEFAULT NULL,
  `applicant_name` varchar(255) DEFAULT NULL,
  `phone_no` varchar(255) DEFAULT NULL,
  `applicant_address` text,
  `address_proof` varchar(255) DEFAULT NULL,
  `image_path` varchar(255) DEFAULT NULL,
  `vip_quota` enum('1','0') DEFAULT '0' COMMENT '1 for vip quota 2 for non vip quota',
  `vip_ref_by` varchar(255) DEFAULT NULL,
  `no_of_persons` int(11) DEFAULT NULL,
  `created_by` int(11) DEFAULT NULL,
  `created_date` datetime DEFAULT NULL,
  `modified_by` int(11) DEFAULT NULL,
  `modified_date` datetime DEFAULT NULL,
  `ipaddress` varchar(100) DEFAULT NULL,
  PRIMARY KEY (`id`)
) ENGINE=InnoDB AUTO_INCREMENT=24 DEFAULT CHARSET=latin1;

-- Dumping data for table yg_temple.application_details: ~20 rows (approximately)
DELETE FROM `application_details`;
/*!40000 ALTER TABLE `application_details` DISABLE KEYS */;
INSERT INTO `application_details` (`id`, `application_id`, `application_number`, `customer_id`, `applicant_name`, `phone_no`, `applicant_address`, `address_proof`, `image_path`, `vip_quota`, `vip_ref_by`, `no_of_persons`, `created_by`, `created_date`, `modified_by`, `modified_date`, `ipaddress`) VALUES
	(1, '11_1', NULL, '000000000120112012', 'Naren', '9999999999', 'hyd', 'aa', NULL, '0', '', 3, 4, '2012-11-20 22:36:51', 4, '2012-11-20 22:36:51', '127.0.0.1'),
	(2, '12_2', NULL, '000000000220112012', 'ddd', '4444444444', 'eee', 'e', NULL, '0', '', 2, 4, '2012-11-20 22:38:46', 4, '2012-11-20 22:38:46', '127.0.0.1'),
	(3, '123_3', NULL, '000000000315082013', 'Kumar', '9999999999', 'hyd', 'driving lic', NULL, '0', '', 4, 4, '2013-08-15 10:31:51', 4, '2013-08-15 10:31:51', '127.0.0.1'),
	(4, '211_4', NULL, '000000000415082013', 'k1', '9999999999', 'hyd', 'ddd', NULL, '0', '', 5, 4, '2013-08-15 10:36:45', 4, '2013-08-15 10:36:45', '127.0.0.1'),
	(5, '111_5', NULL, '000000000515082013', 'kkk', '9999999999', 'hyd', 'ddd', NULL, '0', '', 3, 4, '2013-08-15 10:48:59', 4, '2013-08-15 10:48:59', '127.0.0.1'),
	(6, '1_6', NULL, '000000000625082013', 'rajashekar', '9898989898', 'hyd', 'akkdfjkdfjksd', NULL, '0', '', 4, 4, '2013-08-25 14:32:06', 4, '2013-08-25 14:32:06', '127.0.0.1'),
	(7, '2_7', NULL, '000000000725082013', 'test', '878787878', 'sadf', 'asdf', NULL, '0', '', 3, 4, '2013-08-25 14:33:42', 4, '2013-08-25 14:33:42', '127.0.0.1'),
	(8, '3_8', NULL, '000000000825082013', 'test', '343434343', 'test', 'test', NULL, '0', '', 4, 4, '2013-08-25 14:37:44', 4, '2013-08-25 14:37:44', '127.0.0.1'),
	(9, '1_9', NULL, '000000000925082013', 'rtyyu', '252555', 'ghiopo', 'ooo', NULL, '0', '', 4, 4, '2013-08-25 15:23:47', 4, '2013-08-25 15:23:47', '127.0.0.1'),
	(10, '111_10', NULL, '000000001025082013', 'fgfd', '353543', 'gfdgfd', 'tre', NULL, '0', '', 4, 4, '2013-08-25 15:55:30', 4, '2013-08-25 15:55:30', '127.0.0.1'),
	(11, '999_11', NULL, '000000001125082013', 'adsa', '4645654', 'fgd', 'dfgd', NULL, '0', '', 4, 4, '2013-08-25 16:24:48', 4, '2013-08-25 16:24:48', '127.0.0.1'),
	(12, '6_12', NULL, '000000001208092013', 'raja', '34343434', 'aasd', '', NULL, '0', '', 2, 4, '2013-09-08 22:38:37', 4, '2013-09-08 22:38:37', '192.168.0.100'),
	(13, '8_13', NULL, '000000001310092013', 'raja', '34343434', 'asdf', '', NULL, '0', '', 5, 4, '2013-09-10 00:22:44', 4, '2013-09-10 00:22:44', '192.168.0.100'),
	(14, '8_14', NULL, '000000001410092013', 'raja', '34343434', 'asdf', '', NULL, '0', '', 4, 4, '2013-09-10 22:52:51', 4, '2013-09-10 22:52:51', '192.168.0.100'),
	(15, '9_15', NULL, '000000001511092013', 'raja', '', 'fdgh', '', NULL, '0', '', 6, 4, '2013-09-11 00:27:46', 4, '2013-09-11 00:27:46', '192.168.0.100'),
	(16, '9_16', NULL, '000000001611092013', 'Raja', '34343434', 'adsf', '', NULL, '0', '', 4, 4, '2013-09-11 21:30:52', 4, '2013-09-11 21:30:52', '192.168.0.100'),
	(17, NULL, NULL, NULL, 'Narasimha', '9999999999', 'yadgiri gutta', 'temple', NULL, '0', '', 4, 4, '2014-12-28 14:55:20', 4, '2014-12-28 14:55:20', '127.0.0.1'),
	(18, NULL, NULL, NULL, 'a', 'a', 'a', 'a', NULL, '0', '', 5, 4, '2014-12-28 14:56:16', 4, '2014-12-28 14:56:16', '127.0.0.1'),
	(19, NULL, NULL, NULL, 'Narasimha', '9999999999', 'yadigirigutta', 'temple', NULL, '0', '', 4, 4, '2014-12-28 15:07:59', 4, '2014-12-28 15:07:59', '127.0.0.1'),
	(20, '2014-Sri Chakra Block -I-00001', '00001', '000000002028122014', 'Narasimha', '9999999999', 'yadigiri gutta', 'temple', NULL, '0', '', 4, 4, '2014-12-28 15:10:55', 4, '2014-12-28 15:10:55', '127.0.0.1'),
	(21, '2014-Sri Chakra Block -I-00001', '00001', '000000002128122014', 'Narasimha', '9999999999', 'yadigiri gutta', 'temple', NULL, '0', '', 4, 4, '2014-12-28 15:13:08', 4, '2014-12-28 15:13:08', '127.0.0.1'),
	(22, '2014-Sri Chakra Block -I-00002', '00002', '000000002228122014', 'test', '55555555', 'test', 'test', NULL, '0', '', 2, 4, '2014-12-28 15:49:27', 4, '2014-12-28 15:49:27', '127.0.0.1'),
	(23, '2014-Sri Chakra Block -I-00003', '00003', '000000002328122014', 'test', '3333333333', 'test', 'test', NULL, '0', '', 4, 4, '2014-12-28 17:23:43', 4, '2014-12-28 17:23:43', '127.0.0.1');
/*!40000 ALTER TABLE `application_details` ENABLE KEYS */;


-- Dumping structure for table yg_temple.attachments
CREATE TABLE IF NOT EXISTS `attachments` (
  `id` int(10) NOT NULL AUTO_INCREMENT,
  `db_file_name` varchar(255) DEFAULT NULL,
  `original_file_name` varchar(255) DEFAULT NULL,
  `url` varchar(255) DEFAULT NULL,
  `global_id` int(9) DEFAULT NULL,
  `status` enum('1','0') DEFAULT '1',
  `date_added` timestamp NULL DEFAULT CURRENT_TIMESTAMP,
  `last_modified` timestamp NOT NULL DEFAULT '0000-00-00 00:00:00',
  `ip_address` varchar(50) NOT NULL,
  PRIMARY KEY (`id`)
) ENGINE=InnoDB AUTO_INCREMENT=8 DEFAULT CHARSET=latin1;

-- Dumping data for table yg_temple.attachments: ~6 rows (approximately)
DELETE FROM `attachments`;
/*!40000 ALTER TABLE `attachments` DISABLE KEYS */;
INSERT INTO `attachments` (`id`, `db_file_name`, `original_file_name`, `url`, `global_id`, `status`, `date_added`, `last_modified`, `ip_address`) VALUES
	(1, '1353431206_32756_Koala.jpg', 'Koala.jpg', 'uploads/1353431206_32756_Koala.jpg', 1, '1', '2012-11-20 22:36:51', '2012-11-20 22:36:51', '127.0.0.1'),
	(2, '1353431323_16856_Chrysanthemum.jpg', 'Chrysanthemum.jpg', 'uploads/1353431323_16856_Chrysanthemum.jpg', 2, '1', '2012-11-20 22:38:46', '2012-11-20 22:38:46', '127.0.0.1'),
	(3, '1376542897_20080_54_002.jpg', '54_002.jpg', 'uploads/1376542897_20080_54_002.jpg', 3, '1', '2013-08-15 10:31:51', '2013-08-15 10:31:51', '127.0.0.1'),
	(4, '1376543193_31624_55_003.jpg', '55_003.jpg', 'uploads/1376543193_31624_55_003.jpg', 4, '1', '2013-08-15 10:36:45', '2013-08-15 10:36:45', '127.0.0.1'),
	(5, '1376543934_16827_60_008.jpg', '60_008.jpg', 'uploads/1376543934_16827_60_008.jpg', 5, '1', '2013-08-15 10:48:59', '2013-08-15 10:48:59', '127.0.0.1'),
	(6, '1377421419_4729_Desert.jpg', 'Desert.jpg', 'uploads/1377421419_4729_Desert.jpg', 7, '1', '2013-08-25 14:33:43', '2013-08-25 14:33:43', '127.0.0.1'),
	(7, '1419767621_7918_active%20-%20Copy.png', 'active - Copy.png', 'uploads/1419767621_7918_active%20-%20Copy.png', 23, '1', '2014-12-28 17:23:43', '2014-12-28 17:23:43', '127.0.0.1');
/*!40000 ALTER TABLE `attachments` ENABLE KEYS */;


-- Dumping structure for table yg_temple.blocks
CREATE TABLE IF NOT EXISTS `blocks` (
  `id` int(10) NOT NULL AUTO_INCREMENT,
  `name` varchar(255) CHARACTER SET latin1 DEFAULT NULL,
  `telugu_name` varchar(255) DEFAULT NULL,
  `status` enum('1','0') CHARACTER SET latin1 DEFAULT '1',
  `created_by` int(11) DEFAULT NULL,
  `created_date` datetime DEFAULT NULL,
  `modified_by` int(11) DEFAULT NULL,
  `modified_date` datetime DEFAULT NULL,
  `ipaddress` varchar(100) CHARACTER SET latin1 DEFAULT NULL,
  `abbr` varchar(100) DEFAULT NULL,
  PRIMARY KEY (`id`)
) ENGINE=InnoDB AUTO_INCREMENT=18 DEFAULT CHARSET=utf8;

-- Dumping data for table yg_temple.blocks: ~17 rows (approximately)
DELETE FROM `blocks`;
/*!40000 ALTER TABLE `blocks` DISABLE KEYS */;
INSERT INTO `blocks` (`id`, `name`, `telugu_name`, `status`, `created_by`, `created_date`, `modified_by`, `modified_date`, `ipaddress`, `abbr`) VALUES
	(1, 'Sri Chakra Block -I', 'Sri Chakra Block -I', '1', NULL, NULL, NULL, NULL, NULL, 'Sri Chakra Block -I'),
	(2, 'Sri Chakra Block -II', 'Sri Chakra Block -II', '1', NULL, NULL, NULL, NULL, NULL, 'Sri Chakra Block -II'),
	(3, 'Sri Chakra Block -III', 'Sri Chakra Block -III', '1', NULL, NULL, NULL, NULL, NULL, 'Sri Chakra Block -III'),
	(4, 'Pushkarini veedi ', 'Pushkarini veedi ', '1', NULL, NULL, NULL, NULL, NULL, 'Pushkarini veedi '),
	(5, 'Prahlada Nilayam', 'Prahlada Nilayam', '1', NULL, NULL, NULL, NULL, NULL, 'Prahlada Nilayam'),
	(6, 'Rajagopuram Veedi ', 'Rajagopuram Veedi ', '1', NULL, NULL, NULL, NULL, NULL, 'Rajagopuram Veedi '),
	(7, 'Bhaskara Bhavan', 'Bhaskara Bhavan', '1', NULL, NULL, NULL, NULL, NULL, 'Bhaskara Bhavan'),
	(8, 'Andala Nilayam', 'Andala Nilayam ', '0', NULL, NULL, 1, '2014-12-28 11:15:10', '127.0.0.1', 'Andala Nilayam '),
	(9, 'Nrusimha Puri ', 'Nrusimha Puri ', '1', NULL, NULL, NULL, NULL, NULL, 'Nrusimha Puri '),
	(10, 'Keshava Nilayam', 'Keshava Nilayam', '1', NULL, NULL, NULL, NULL, NULL, 'Keshava Nilayam'),
	(11, 'Tulasi Cottage New Building ', 'Tulasi Cottage New Building ', '1', NULL, NULL, NULL, NULL, NULL, 'Tulasi Cottage New Building '),
	(12, 'Lakshmi Nilayam ', 'Lakshmi Nilayam ', '1', NULL, NULL, NULL, NULL, NULL, 'Lakshmi Nilayam '),
	(13, 'Narasimha Sadanam', 'Narasimha Sadanam', '1', NULL, NULL, NULL, NULL, NULL, 'Narasimha Sadanam'),
	(14, 'Nrusimha Bhavan', 'Nrusimha Bhavan', '1', NULL, NULL, NULL, NULL, NULL, 'Nrusimha Bhavan'),
	(15, 'Yadarushi Nilayam ', 'Yadarushi Nilayam ', '1', NULL, NULL, NULL, NULL, NULL, 'Yadarushi Nilayam '),
	(16, 'Yogananda Nilyam ', 'Yogananda Nilyam ', '1', NULL, NULL, NULL, NULL, NULL, 'Yogananda Nilyam '),
	(17, 'Mallaiah Darmashala', 'Mallaiah Darmashala', '1', NULL, NULL, NULL, NULL, NULL, 'Mallaiah Darmashala');
/*!40000 ALTER TABLE `blocks` ENABLE KEYS */;


-- Dumping structure for table yg_temple.booking_details
CREATE TABLE IF NOT EXISTS `booking_details` (
  `id` bigint(10) NOT NULL AUTO_INCREMENT,
  `application_details_id` bigint(10) DEFAULT NULL,
  `blocks_id` bigint(10) DEFAULT NULL,
  `rooms_id` int(11) DEFAULT NULL,
  `from_date` datetime DEFAULT NULL,
  `to_date` datetime DEFAULT NULL,
  `checkout_date` datetime DEFAULT NULL,
  `no_of_days` int(11) DEFAULT NULL,
  `booking_type` enum('1','2') DEFAULT '1' COMMENT '1 for current booking 2 for advance booking',
  `booked_status` enum('1','0') DEFAULT '1' COMMENT '1 for booked condition 0 for checkout',
  `created_by` int(11) DEFAULT NULL,
  `created_date` datetime DEFAULT NULL,
  `modified_by` int(11) DEFAULT NULL,
  `modified_date` datetime DEFAULT NULL,
  `ipaddress` varchar(100) DEFAULT NULL,
  PRIMARY KEY (`id`)
) ENGINE=InnoDB AUTO_INCREMENT=4 DEFAULT CHARSET=latin1;

-- Dumping data for table yg_temple.booking_details: ~2 rows (approximately)
DELETE FROM `booking_details`;
/*!40000 ALTER TABLE `booking_details` DISABLE KEYS */;
INSERT INTO `booking_details` (`id`, `application_details_id`, `blocks_id`, `rooms_id`, `from_date`, `to_date`, `checkout_date`, `no_of_days`, `booking_type`, `booked_status`, `created_by`, `created_date`, `modified_by`, `modified_date`, `ipaddress`) VALUES
	(1, 21, 1, 1, '2014-12-28 15:13:08', '2014-12-28 15:20:01', '2014-12-29 15:13:08', 1, '1', '0', 4, '2014-12-28 15:13:08', 4, '2014-12-28 15:20:01', '127.0.0.1'),
	(2, 22, 1, 1, '2014-12-28 15:49:27', '2014-12-28 16:30:24', '2014-12-30 15:49:27', 2, '1', '0', 4, '2014-12-28 15:49:27', 4, '2014-12-28 16:30:24', '127.0.0.1'),
	(3, 23, 1, 1, '2014-12-28 17:23:43', '2014-12-29 17:23:43', '2014-12-29 17:23:43', 1, '1', '1', 4, '2014-12-28 17:23:43', 4, '2014-12-28 17:23:43', '127.0.0.1');
/*!40000 ALTER TABLE `booking_details` ENABLE KEYS */;


-- Dumping structure for table yg_temple.booking_history_details
CREATE TABLE IF NOT EXISTS `booking_history_details` (
  `id` bigint(10) NOT NULL AUTO_INCREMENT,
  `application_details_id` bigint(10) DEFAULT NULL,
  `blocks_id` bigint(10) DEFAULT NULL,
  `rooms_id` int(11) DEFAULT NULL,
  `from_date` datetime DEFAULT NULL,
  `to_date` datetime DEFAULT NULL,
  `checkout_date` datetime DEFAULT NULL,
  `no_of_days` int(11) DEFAULT NULL,
  `booking_type` enum('1','2') DEFAULT '1' COMMENT '1 for current booking 2 for advance booking',
  `booked_status` enum('1','0') DEFAULT '1' COMMENT '1 for booked condition 0 for checkout',
  `created_by` int(11) DEFAULT NULL,
  `created_date` datetime DEFAULT NULL,
  `modified_by` int(11) DEFAULT NULL,
  `modified_date` datetime DEFAULT NULL,
  `ipaddress` varchar(100) DEFAULT NULL,
  PRIMARY KEY (`id`)
) ENGINE=InnoDB AUTO_INCREMENT=3 DEFAULT CHARSET=latin1;

-- Dumping data for table yg_temple.booking_history_details: ~2 rows (approximately)
DELETE FROM `booking_history_details`;
/*!40000 ALTER TABLE `booking_history_details` DISABLE KEYS */;
INSERT INTO `booking_history_details` (`id`, `application_details_id`, `blocks_id`, `rooms_id`, `from_date`, `to_date`, `checkout_date`, `no_of_days`, `booking_type`, `booked_status`, `created_by`, `created_date`, `modified_by`, `modified_date`, `ipaddress`) VALUES
	(1, 21, 1, 1, '2014-12-28 15:13:08', '2014-12-28 15:20:01', '2014-12-29 15:13:08', 1, '1', '0', 4, '2014-12-28 15:13:08', 4, '2014-12-28 15:20:01', '127.0.0.1'),
	(2, 22, 1, 1, '2014-12-28 15:49:27', '2014-12-28 16:30:24', '2014-12-30 15:49:27', 2, '1', '0', 4, '2014-12-28 15:49:27', 4, '2014-12-28 16:30:24', '127.0.0.1');
/*!40000 ALTER TABLE `booking_history_details` ENABLE KEYS */;


-- Dumping structure for table yg_temple.csv_data
CREATE TABLE IF NOT EXISTS `csv_data` (
  `id` varchar(68) DEFAULT NULL,
  `block` varchar(26) DEFAULT NULL,
  `room_no` varchar(12) DEFAULT NULL,
  `room_type` varchar(15) DEFAULT NULL,
  `ac` varchar(13) DEFAULT NULL,
  `rent` varchar(11) DEFAULT NULL
) ENGINE=MyISAM DEFAULT CHARSET=utf8;

-- Dumping data for table yg_temple.csv_data: 176 rows
DELETE FROM `csv_data`;
/*!40000 ALTER TABLE `csv_data` DISABLE KEYS */;
INSERT INTO `csv_data` (`id`, `block`, `room_no`, `room_type`, `ac`, `rent`) VALUES
	('1', 'Sri Chakra Block -I', '1', 'Ordinary  Room ', 'Non A.C ', '300'),
	('2', 'Sri Chakra Block -I', '2', 'Ordinary  Room ', 'Non A.C ', '300'),
	('3', 'Sri Chakra Block -I', '3', 'Ordinary  Room ', 'Non A.C ', '300'),
	('4', 'Sri Chakra Block -I', '4', 'Ordinary  Room ', 'Non A.C ', '300'),
	('5', 'Sri Chakra Block -I', '5', 'Ordinary  Room ', 'Non A.C ', '300'),
	('6', 'Sri Chakra Block -I', '6', 'Ordinary  Room ', 'Non A.C ', '300'),
	('7', 'Sri Chakra Block -I', '7', 'Ordinary  Room ', 'Non A.C ', '300'),
	('8', 'Sri Chakra Block -I', '8', 'Ordinary  Room ', 'Non A.C ', '300'),
	('9', 'Sri Chakra Block -I', '9', 'Ordinary  Room ', 'Non A.C ', '300'),
	('10', 'Sri Chakra Block -I', '10', 'Ordinary  Room ', 'Non A.C ', '300'),
	('11', 'Sri Chakra Block -I', '11', 'Ordinary  Room ', 'Non A.C ', '300'),
	('12', 'Sri Chakra Block -I', '12', 'Ordinary  Room ', 'Non A.C ', '300'),
	('13', 'Sri Chakra Block -I', '13', 'Ordinary  Room ', 'Non A.C ', '300'),
	('14', 'Sri Chakra Block -I', '14', 'Ordinary  Room ', 'Non A.C ', '300'),
	('15', 'Sri Chakra Block -I', '15', 'Ordinary  Room ', 'Non A.C ', '300'),
	('16', 'Sri Chakra Block -I', '16', 'Ordinary  Room ', 'Non A.C ', '300'),
	('17', 'Sri Chakra Block -I', '17', 'Ordinary  Room ', 'Non A.C ', '300'),
	('18', 'Sri Chakra Block -I', '18', 'Ordinary  Room ', 'Non A.C ', '300'),
	('19', 'Sri Chakra Block -I', '19', 'Ordinary  Room ', 'Non A.C ', '300'),
	('20', 'Sri Chakra Block -I', '20', 'Ordinary  Room ', 'Non A.C ', '300'),
	('21', 'Sri Chakra Block -I', '21', 'Ordinary  Room ', 'Non A.C ', '300'),
	('22', 'Sri Chakra Block -I', '22', 'Ordinary  Room ', 'Non A.C ', '300'),
	('23', 'Sri Chakra Block -I', '23', 'Ordinary  Room ', 'Non A.C ', '300'),
	('24', 'Sri Chakra Block -I', '24', 'Ordinary  Room ', 'Non A.C ', '300'),
	('25', 'Sri Chakra Block -I', '25', 'Ordinary  Room ', 'Non A.C ', '300'),
	('26', 'Sri Chakra Block -I', '26', 'Ordinary  Room ', 'Non A.C ', '300'),
	('27', 'Sri Chakra Block -I', '27', 'Ordinary  Room ', 'Non A.C ', '300'),
	('28', 'Sri Chakra Block -I', '28', 'Ordinary  Room ', 'Non A.C ', '300'),
	('29', 'Sri Chakra Block -I', '29', 'Ordinary  Room ', 'Non A.C ', '300'),
	('30', 'Sri Chakra Block -I', '30', 'Ordinary  Room ', 'Non A.C ', '300'),
	('31', 'Sri Chakra Block -II', '31', 'Ordinary  Room ', 'Non A.C ', '300'),
	('32', 'Sri Chakra Block -II', '32', 'Ordinary  Room ', 'Non A.C ', '300'),
	('33', 'Sri Chakra Block -II', '33', 'Ordinary  Room ', 'Non A.C ', '300'),
	('34', 'Sri Chakra Block -II', '34', 'Ordinary  Room ', 'Non A.C ', '300'),
	('35', 'Sri Chakra Block -II', '35', 'Ordinary  Room ', 'Non A.C ', '300'),
	('36', 'Sri Chakra Block -II', '37', 'Ordinary  Room ', 'Non A.C ', '300'),
	('37', 'Sri Chakra Block -II', '38', 'Ordinary  Room ', 'Non A.C ', '300'),
	('38', 'Sri Chakra Block -II', '39', 'Ordinary  Room ', 'Non A.C ', '300'),
	('39', 'Sri Chakra Block -II', '40', 'Ordinary  Room ', 'Non A.C ', '300'),
	('40', 'Sri Chakra Block -II', '41', 'Ordinary  Room ', 'Non A.C ', '300'),
	('41', 'Sri Chakra Block -II', '42', 'Ordinary  Room ', 'Non A.C ', '300'),
	('42', 'Sri Chakra Block -II', '43', 'Ordinary  Room ', 'Non A.C ', '300'),
	('43', 'Sri Chakra Block -II', '44', 'Ordinary  Room ', 'Non A.C ', '300'),
	('44', 'Sri Chakra Block -II', '45', 'Ordinary  Room ', 'Non A.C ', '300'),
	('45', 'Sri Chakra Block -II', '46', 'Ordinary  Room ', 'Non A.C ', '300'),
	('46', 'Sri Chakra Block -II', '47', 'Ordinary  Room ', 'Non A.C ', '300'),
	('47', 'Sri Chakra Block -II', '48', 'Ordinary  Room ', 'Non A.C ', '300'),
	('48', 'Sri Chakra Block -II', '49', 'Ordinary  Room ', 'Non A.C ', '300'),
	('49', 'Sri Chakra Block -II', '50', 'Ordinary  Room ', 'Non A.C ', '300'),
	('50', 'Sri Chakra Block -II', '51', 'Ordinary  Room ', 'Non A.C ', '300'),
	('51', 'Sri Chakra Block -II', '52', 'Ordinary  Room ', 'Non A.C ', '300'),
	('52', 'Sri Chakra Block -II', '53', 'Ordinary  Room ', 'Non A.C ', '300'),
	('53', 'Sri Chakra Block -II', '54', 'Ordinary  Room ', 'Non A.C ', '300'),
	('54', 'Sri Chakra Block -II', '55', 'Ordinary  Room ', 'Non A.C ', '300'),
	('55', 'Sri Chakra Block -II', '56', 'Ordinary  Room ', 'Non A.C ', '300'),
	('56', 'Sri Chakra Block -II', '57', 'Ordinary  Room ', 'Non A.C ', '300'),
	('57', 'Sri Chakra Block -II', '58', 'Ordinary  Room ', 'Non A.C ', '300'),
	('58', 'Sri Chakra Block -II', '59', 'Ordinary  Room ', 'Non A.C ', '300'),
	('59', 'Sri Chakra Block -II', '60', 'Ordinary  Room ', 'Non A.C ', '300'),
	('60', 'Sri Chakra Block -III', '61', 'Ordinary  Room ', 'Non A.C ', '400'),
	('61', 'Sri Chakra Block -III', '62', 'Ordinary  Room ', 'Non A.C ', '400'),
	('62', 'Sri Chakra Block -III', '63', 'Ordinary  Room ', 'Non A.C ', '400'),
	('63', 'Sri Chakra Block -III', '64', 'Ordinary  Room ', 'Non A.C ', '400'),
	('64', 'Sri Chakra Block -III', '65', 'Ordinary  Room ', 'Non A.C ', '400'),
	('65', 'Sri Chakra Block -III', '66', 'Ordinary  Room ', 'Non A.C ', '400'),
	('66', 'Sri Chakra Block -III', '67', 'Ordinary  Room ', 'Non A.C ', '400'),
	('67', 'Sri Chakra Block -III', '68', 'Ordinary  Room ', 'Non A.C ', '400'),
	('68', 'Sri Chakra Block -III', '69', 'Ordinary  Room ', 'Non A.C ', '400'),
	('69', 'Sri Chakra Block -III', '71', 'Ordinary  Room ', 'Non A.C ', '400'),
	('70', 'Sri Chakra Block -III', '72', 'Ordinary  Room ', 'Non A.C ', '400'),
	('71', 'Sri Chakra Block -III', '73', 'Ordinary  Room ', 'Non A.C ', '400'),
	('72', 'Sri Chakra Block -III', '74', 'Ordinary  Room ', 'Non A.C ', '400'),
	('73', 'Sri Chakra Block -III', '75', 'Ordinary  Room ', 'Non A.C ', '400'),
	('74', 'Sri Chakra Block -III', '76', 'Ordinary  Room ', 'Non A.C ', '400'),
	('75', 'Sri Chakra Block -III', '77', 'Ordinary  Room ', 'Non A.C ', '400'),
	('76', 'Sri Chakra Block -III', '78', 'Ordinary  Room ', 'Non A.C ', '400'),
	('77', 'Sri Chakra Block -III', '79', 'Ordinary  Room ', 'Non A.C ', '400'),
	('78', 'Sri Chakra Block -III', '80', 'Ordinary  Room ', 'Non A.C ', '400'),
	('79', 'Sri Chakra Block -III', '81', 'Ordinary  Room ', 'Non A.C ', '400'),
	('80', 'Sri Chakra Block -III', '82', 'Ordinary  Room ', 'Non A.C ', '400'),
	('81', 'Sri Chakra Block -III', '83', 'Ordinary  Room ', 'Non A.C ', '400'),
	('82', 'Sri Chakra Block -III', '84', 'Ordinary  Room ', 'Non A.C ', '400'),
	('83', 'Sri Chakra Block -III', '85', 'Ordinary  Room ', 'Non A.C ', '400'),
	('84', 'Sri Chakra Block -III', '86', 'Ordinary  Room ', 'Non A.C ', '400'),
	('85', 'Sri Chakra Block -III', '87', 'Ordinary  Room ', 'Non A.C ', '400'),
	('86', 'Sri Chakra Block -III', '88', 'Ordinary  Room ', 'Non A.C ', '400'),
	('87', 'Sri Chakra Block -III', '89', 'Ordinary  Room ', 'Non A.C ', '400'),
	('88', 'Sri Chakra Block -III', '90', 'Ordinary  Room ', 'Non A.C ', '400'),
	('89', 'Pushkarini veedi ', '1', 'Normal Room ', 'Non A.C ', '300'),
	('90', 'Pushkarini veedi ', '2,3', 'Normal Room ', 'Non A.C ', '500'),
	('91', 'Pushkarini veedi ', '17', 'Guest House ', 'Non A.C ', '1000'),
	('92', 'Pushkarini veedi ', '18', 'Guest House ', 'Non A.C ', '1000'),
	('93', 'Pushkarini veedi ', '19', 'Guest House ', 'Non A.C ', '500'),
	('94', 'Pushkarini veedi ', '20', 'Guest House ', 'Non A.C ', '500'),
	('95', 'Pushkarini veedi ', '21', 'Guest House ', 'Non A.C ', '500'),
	('96', 'Pushkarini veedi ', '21', 'Guest House ', 'Non A.C ', '500'),
	('97', 'Pushkarini veedi ', '22', 'Guest House ', 'Non A.C ', '500'),
	('98', 'Pushkarini veedi ', '23A', 'Guest House ', 'Non A.C ', '500'),
	('99', 'Pushkarini veedi ', '23B', 'Guest House ', 'Non A.C ', '500'),
	('100', 'Pushkarini veedi ', '24', 'Ordinary  Room ', 'Non A.C ', '200'),
	('101', 'Pushkarini veedi ', '25', 'Ordinary  Room ', 'Non A.C ', '200'),
	('102', 'Pushkarini veedi ', '26', 'Ordinary  Room ', 'Non A.C ', '100'),
	('103', 'Pushkarini veedi ', '27', 'Ordinary  Room ', 'Non A.C ', '100'),
	('104', 'Pushkarini veedi ', '28', 'Normal Room ', 'Non A.C ', '500'),
	('105', 'Pushkarini veedi ', '30', 'Ordinary  Room ', 'Non A.C ', '100'),
	('106', 'Pushkarini veedi ', '31', 'Ordinary  Room ', 'Non A.C ', '100'),
	('107', 'Pushkarini veedi ', '32', 'Ordinary  Room ', 'Non A.C ', '100'),
	('108', 'Pushkarini veedi ', '33', 'Ordinary  Room ', 'Non A.C ', '100'),
	('109', 'Pushkarini veedi ', '34', 'Ordinary  Room ', 'Non A.C ', '100'),
	('110', 'Pushkarini veedi ', '35', 'Ordinary  Room ', 'Non A.C ', '100'),
	('111', 'Pushkarini veedi ', '36', 'Ordinary  Room ', 'Non A.C ', '100'),
	('112', 'Pushkarini veedi ', '38', 'Ordinary  Room ', 'Non A.C ', '100'),
	('113', 'Pushkarini veedi ', '39', 'Ordinary  Room ', 'Non A.C ', '100'),
	('114', 'Pushkarini veedi ', '45', 'Ordinary  Room ', 'Non A.C ', '200'),
	('115', 'Pushkarini veedi ', '46', 'Ordinary  Room ', 'Non A.C ', '200'),
	('116', 'Pushkarini veedi ', '47', 'Ordinary  Room ', 'Non A.C ', '100'),
	('117', 'Pushkarini veedi ', '49 A', 'Guest House ', 'A.c', '500'),
	('118', 'Pushkarini veedi ', '49 B', 'Guest House ', 'A.C', '500'),
	('119', 'Pushkarini veedi ', '50', 'Normal Room ', 'Non A.C ', '500'),
	('120', 'Pushkarini veedi ', '51', 'Normal Room ', 'Non A.C ', '200'),
	('121', 'Pushkarini veedi ', '54', 'Normal Room ', 'Non A.C ', '200'),
	('122', 'Pushkarini veedi ', '55', 'Normal Room ', 'Non A.C ', '200'),
	('123', 'Pushkarini veedi ', '56', 'Normal Room ', 'Non A.C ', '200'),
	('124', 'Pushkarini veedi ', '58', 'Guest House ', 'A.C', '2000'),
	('125', 'Pushkarini veedi ', '59', 'Normal Room ', 'Non A.C ', '300'),
	('126', 'Pushkarini veedi ', '62', 'Normal Room ', 'Non A.C ', '300'),
	('127', 'Pushkarini veedi ', '63', 'Normal Room ', 'Non A.C ', '200'),
	('128', 'Pushkarini veedi ', '64', 'Guest House ', 'Non A.C ', '1000'),
	('129', 'Pushkarini veedi ', '65', 'Guest House ', 'Non A.C ', '1000'),
	('130', 'Prahlada Nilayam', '1', 'Guest House ', 'Non A.C ', '1000'),
	('131', 'Prahlada Nilayam', '2', 'Guest House ', 'Non A.C ', '1000'),
	('132', 'Prahlada Nilayam', '3', 'Guest House ', 'Non A.C ', '1000'),
	('133', 'Prahlada Nilayam', '4', 'Guest House ', 'Non A.C ', '1000'),
	('134', 'Rajagopuram Veedi ', '20', 'Normal Room ', 'Non A.C ', '500'),
	('135', 'Rajagopuram Veedi ', '54', 'Guest House ', 'Non A.C ', '1000'),
	('136', 'Rajagopuram Veedi ', '55', 'Guest House ', 'Non A.C ', '1000'),
	('137', 'Rajagopuram Veedi ', '56', 'Guest House ', 'Non A.C ', '1000'),
	('138', 'Rajagopuram Veedi ', '57', 'Normal Room ', 'Non A.C ', '300'),
	('139', 'Rajagopuram Veedi ', '58', 'Normal Room ', 'Non A.C ', '300'),
	('140', 'Rajagopuram Veedi ', '59', 'Guest House ', 'Non A.C ', '600'),
	('141', 'Rajagopuram Veedi ', '61', 'Normal Room ', 'Non A.C ', '300'),
	('142', 'Rajagopuram Veedi ', '62', 'Guest House ', 'Non A.C ', '1000'),
	('143', 'Rajagopuram Veedi ', '63', 'Guest House ', 'Non A.C ', '1000'),
	('144', 'Rajagopuram Veedi ', '64', 'Normal Room ', 'Non A.C ', '300'),
	('145', 'Rajagopuram Veedi ', '65', 'Normal Room ', 'Non A.C ', '500'),
	('146', 'Rajagopuram Veedi ', '72,73', 'Guest House ', 'Non A.C ', '1000'),
	('147', 'Rajagopuram Veedi ', '74', 'Guest House ', 'Non A.C ', '1000'),
	('148', 'Rajagopuram Veedi ', '79', 'Guest House ', 'Non A.C ', '1000'),
	('149', 'Rajagopuram Veedi ', '98', 'Guest House ', 'A.C ', '2000'),
	('150', 'Rajagopuram Veedi ', '98 A,B,C', 'Normal Room ', 'Non A.C ', '1000'),
	('151', 'Rajagopuram Veedi ', '99', 'Guest House ', 'Non A.C ', '1000'),
	('152', 'Bhaskara Bhavan', '1', 'Guest House ', 'A.C ', '1500'),
	('153', 'Bhaskara Bhavan', '2', 'Guest House ', '', '1500'),
	('154', 'Bhaskara Bhavan', '3', 'Guest House ', '', '1500'),
	('155', 'Bhaskara Bhavan', '4', 'Guest House ', '', '1500'),
	('156', 'Bhaskara Bhavan', '5', 'Guest House ', '', '1500'),
	('157', 'Andala Nilayam ', '1', 'Guest House ', 'A.C ', '2500'),
	('158', 'Andala Nilayam ', '2', 'Guest House ', 'A.C ', '2500'),
	('159', 'Andala Nilayam ', '3', 'Guest House ', 'A.C ', '2500'),
	('160', 'Andala Nilayam ', '4', 'Guest House ', 'A.C ', '2500'),
	('161', 'Andala Nilayam ', '5', 'Guest House ', 'A.C ', '2500'),
	('162', 'Andala Nilayam ', '6', 'Guest House ', 'A.C ', '2500'),
	('163', 'Andala Nilayam ', '7', 'Guest House ', 'A.C ', '2500'),
	('164', 'Andala Nilayam ', '8', 'Guest House ', 'A.C ', '2500'),
	('165', 'Andala Nilayam ', '9', 'Guest House ', 'A.C ', '2500'),
	('166', 'Andala Nilayam ', '10', 'guest House ', 'A.C ', '2500'),
	('167', 'Andala Nilayam ', '11', 'Guest House ', 'A.C ', '2500'),
	('168', 'Andala Nilayam ', '12', 'Guest House ', 'A.C ', '2500'),
	('169', 'Andala Nilayam ', '13', 'Normal Room ', 'Non A.C ', '500'),
	('170', 'Nrusimha Puri ', '21', 'Normal Room ', 'Non A.C ', '200'),
	('171', 'Nrusimha Puri ', '22', 'Normal Room ', 'Non A.C ', '200'),
	('172', 'Nrusimha Puri ', '28', 'Normal Room ', 'Non A.C ', '200'),
	('173', 'Nrusimha Puri ', '29', 'Normal Room ', 'Non A.C ', '100'),
	('174', 'Nrusimha Puri ', '30', 'Normal Room ', 'Non A.C ', '100'),
	('175', 'Nrusimha Puri ', '31', 'Normal Room ', 'Non A.C ', '100'),
	('176', 'Nrusimha Puri ', '32', 'Normal Room ', 'Non A.C ', '100');
/*!40000 ALTER TABLE `csv_data` ENABLE KEYS */;


-- Dumping structure for table yg_temple.downhills_data
CREATE TABLE IF NOT EXISTS `downhills_data` (
  `id` varchar(68) DEFAULT NULL,
  `block` varchar(28) DEFAULT NULL,
  `room_no` varchar(12) DEFAULT NULL,
  `room_type` varchar(16) DEFAULT NULL,
  `ac` varchar(13) DEFAULT NULL,
  `rent` varchar(11) DEFAULT NULL
) ENGINE=MyISAM DEFAULT CHARSET=utf8;

-- Dumping data for table yg_temple.downhills_data: 307 rows
DELETE FROM `downhills_data`;
/*!40000 ALTER TABLE `downhills_data` DISABLE KEYS */;
INSERT INTO `downhills_data` (`id`, `block`, `room_no`, `room_type`, `ac`, `rent`) VALUES
	('1', 'Keshava Nilayam', '1', 'Guest House  ', 'A.C\n ', '1000'),
	('2', 'Keshava Nilayam', '2', 'Guest House  ', 'A.C\n ', '1000'),
	('3', 'Tulasi Cottage New Building ', '1', 'Guest House  ', 'A.C\n ', '1500'),
	('4', 'Tulasi Cottage New Building ', '2', 'Guest House  ', 'A.C\n ', '1500'),
	('5', 'Lakshmi Nilayam ', '1', 'Normal room ', 'Non A.C ', '500'),
	('6', 'Lakshmi Nilayam ', '2', 'Normal room ', 'Non A.C ', '500'),
	('7', 'Lakshmi Nilayam ', '3', 'Normal room ', 'Non A.C ', '600'),
	('8', 'Lakshmi Nilayam ', '4', 'Normal room ', 'Non A.C ', '500'),
	('9', 'Lakshmi Nilayam ', '5', 'Normal room ', 'Non A.C ', '500'),
	('10', 'Lakshmi Nilayam ', '6', 'Normal room ', 'Non A.C ', '500'),
	('11', 'Lakshmi Nilayam ', '7', 'Normal room ', 'Non A.C ', '500'),
	('12', 'Lakshmi Nilayam ', '8', 'Normal room ', 'Non A.C ', '600'),
	('13', 'Lakshmi Nilayam ', '9', 'Normal room ', 'Non A.C ', '500'),
	('14', 'Lakshmi Nilayam ', '10', 'Normal room ', 'Non A.C ', '500'),
	('15', 'Lakshmi Nilayam ', '11', 'Normal room ', 'Non A.C ', '500'),
	('16', 'Lakshmi Nilayam ', '12', 'Normal room ', 'Non A.C ', '500'),
	('17', 'Lakshmi Nilayam ', '13', 'Normal room ', 'Non A.C ', '500'),
	('18', 'Lakshmi Nilayam ', '14', 'Normal room ', 'Non A.C ', '500'),
	('19', 'Lakshmi Nilayam ', '15', 'Normal room ', 'Non A.C ', '600'),
	('20', 'Lakshmi Nilayam ', '16', 'Normal room ', 'Non A.C ', '500'),
	('21', 'Lakshmi Nilayam ', '17', 'Normal room ', 'Non A.C ', '500'),
	('22', 'Lakshmi Nilayam ', '18', 'Normal room ', 'Non A.C ', '500'),
	('23', 'Lakshmi Nilayam ', '19', 'Normal room ', 'Non A.C ', '500'),
	('24', 'Lakshmi Nilayam ', '20', 'Normal room ', 'Non A.C ', '600'),
	('25', 'Lakshmi Nilayam ', '21', 'Normal room ', 'Non A.C ', '500'),
	('26', 'Lakshmi Nilayam ', '22', 'Normal room ', 'Non A.C ', '500'),
	('27', 'Lakshmi Nilayam ', '23', 'Normal room ', 'Non A.C ', '600'),
	('28', 'Lakshmi Nilayam ', '24', 'Normal room ', 'Non A.C ', '500'),
	('29', 'Lakshmi Nilayam ', '25', 'Normal room ', 'Non A.C ', '500'),
	('30', 'Lakshmi Nilayam ', '26', 'Normal room ', 'Non A.C ', '500'),
	('31', 'Lakshmi Nilayam ', '27', 'Normal room ', 'Non A.C ', '500'),
	('32', 'Lakshmi Nilayam ', '28', 'Normal room ', 'Non A.C ', '600'),
	('33', 'Lakshmi Nilayam ', '29', 'Normal room ', 'Non A.C ', '500'),
	('34', 'Lakshmi Nilayam ', '30', 'Normal room ', 'Non A.C ', '500'),
	('35', 'Lakshmi Nilayam ', '31', 'Normal room ', 'Non A.C ', '500'),
	('36', 'Lakshmi Nilayam ', '32', 'Normal room ', 'Non A.C ', '500'),
	('37', 'Lakshmi Nilayam ', '33', 'Normal room ', 'Non A.C ', '500'),
	('38', 'Lakshmi Nilayam ', '34', 'Normal room ', 'Non A.C ', '500'),
	('39', 'Lakshmi Nilayam ', '35', 'Normal room ', 'Non A.C ', '600'),
	('40', 'Lakshmi Nilayam ', '36', 'Normal room ', 'Non A.C ', '500'),
	('41', 'Lakshmi Nilayam ', '37', 'Normal room ', 'Non A.C ', '500'),
	('42', 'Lakshmi Nilayam ', '38', 'Normal room ', 'Non A.C ', '500'),
	('43', 'Lakshmi Nilayam ', '39', 'Normal room ', 'Non A.C ', '500'),
	('44', 'Lakshmi Nilayam ', '40', 'Normal room ', 'Non A.C ', '600'),
	('45', 'Lakshmi Nilayam ', '41', 'Normal room ', 'Non A.C ', '500'),
	('46', 'Lakshmi Nilayam ', '42', 'Normal room ', 'Non A.C ', '500'),
	('47', 'Lakshmi Nilayam ', '43', 'Normal room ', 'Non A.C ', '500'),
	('48', 'Lakshmi Nilayam ', '44', 'Normal room ', 'Non A.C ', '500'),
	('49', 'Lakshmi Nilayam ', '45', 'Normal room ', 'Non A.C ', '500'),
	('50', 'Lakshmi Nilayam ', '46', 'Normal room ', 'Non A.C ', '500'),
	('51', 'Lakshmi Nilayam ', '47', 'Normal room ', 'Non A.C ', '600'),
	('52', 'Lakshmi Nilayam ', '48', 'Normal room ', 'Non A.C ', '500'),
	('53', 'Lakshmi Nilayam ', '49', 'Normal room ', 'Non A.C ', '500'),
	('54', 'Lakshmi Nilayam ', '50', 'Normal room ', 'Non A.C ', '500'),
	('55', 'Lakshmi Nilayam ', '51', 'Normal room ', 'Non A.C ', '500'),
	('56', 'Lakshmi Nilayam ', '52', 'Normal room ', 'Non A.C ', '600'),
	('57', 'Lakshmi Nilayam ', '53', 'Normal room ', 'Non A.C ', '500'),
	('58', 'Lakshmi Nilayam ', '54', 'Normal room ', 'Non A.C ', '500'),
	('59', 'Lakshmi Nilayam ', '55', 'Normal room ', 'Non A.C ', '500'),
	('60', 'Lakshmi Nilayam ', '56', 'Normal room ', 'Non A.C ', '500'),
	('61', 'Lakshmi Nilayam ', '57', 'Normal room ', 'Non A.C ', '500'),
	('62', 'Lakshmi Nilayam ', '58', 'Normal room ', 'Non A.C ', '500'),
	('63', 'Lakshmi Nilayam ', '59', 'Normal room ', 'Non A.C ', '600'),
	('64', 'Lakshmi Nilayam ', '60', 'Normal room ', 'Non A.C ', '500'),
	('65', 'Lakshmi Nilayam ', '61', 'Normal room ', 'Non A.C ', '500'),
	('66', 'Lakshmi Nilayam ', '62', 'Normal room ', 'Non A.C ', '500'),
	('67', 'Lakshmi Nilayam ', '63', 'Normal room ', 'Non A.C ', '500'),
	('68', 'Lakshmi Nilayam ', '64', 'Normal room ', 'Non A.C ', '600'),
	('69', 'Lakshmi Nilayam ', '65', 'Normal room ', 'Non A.C ', '500'),
	('70', 'Lakshmi Nilayam ', '66', 'Normal room ', 'Non A.C ', '500'),
	('71', 'Lakshmi Nilayam ', '67', 'Normal room ', 'Non A.C ', '500'),
	('72', 'Lakshmi Nilayam ', '68', 'Normal room ', 'Non A.C ', '500'),
	('73', 'Lakshmi Nilayam ', '69', 'Normal room ', 'Non A.C ', '500'),
	('74', 'Lakshmi Nilayam ', '70', 'Normal room ', 'Non A.C ', '500'),
	('75', 'Lakshmi Nilayam ', '71', 'Normal room ', 'Non A.C ', '600'),
	('76', 'Lakshmi Nilayam ', '72', 'Normal room ', 'Non A.C ', '500'),
	('77', 'Lakshmi Nilayam ', '73', 'Normal room ', 'Non A.C ', '500'),
	('78', 'Lakshmi Nilayam ', '74', 'Normal room ', 'Non A.C ', '500'),
	('79', 'Lakshmi Nilayam ', '75', 'Normal room ', 'Non A.C ', '500'),
	('80', 'Lakshmi Nilayam ', '76', 'Normal room ', 'Non A.C ', '600'),
	('81', 'Lakshmi Nilayam ', '77', 'Normal room ', 'Non A.C ', '500'),
	('82', 'Lakshmi Nilayam ', '78', 'Normal room ', 'Non A.C ', '500'),
	('83', 'Lakshmi Nilayam ', '79', 'Normal room ', 'Non A.C ', '500'),
	('84', 'Lakshmi Nilayam ', '80', 'Normal room ', 'Non A.C ', '500'),
	('85', 'Lakshmi Nilayam ', '81', 'Normal room ', 'Non A.C ', '500'),
	('86', 'Lakshmi Nilayam ', '82', 'Normal room ', 'Non A.C ', '500'),
	('87', 'Lakshmi Nilayam ', '83', 'Normal room ', 'Non A.C ', '600'),
	('88', 'Lakshmi Nilayam ', '84', 'Normal room ', 'Non A.C ', '500'),
	('89', 'Lakshmi Nilayam ', '85', 'Normal room ', 'Non A.C ', '500'),
	('90', 'Lakshmi Nilayam ', '86', 'Normal room ', 'Non A.C ', '500'),
	('91', 'Lakshmi Nilayam ', '87', 'Normal room ', 'Non A.C ', '500'),
	('92', 'Lakshmi Nilayam ', '88', 'Normal room ', 'Non A.C ', '500'),
	('93', 'Lakshmi Nilayam ', '89', 'Normal room ', 'Non A.C ', '500'),
	('94', 'Lakshmi Nilayam ', '90', 'Normal room ', 'Non A.C ', '500'),
	('95', 'Lakshmi Nilayam ', '91', 'Normal room ', 'Non A.C ', '500'),
	('96', 'Lakshmi Nilayam ', '92', 'Normal room ', 'Non A.C ', '500'),
	('97', 'Lakshmi Nilayam ', '93', 'Normal room ', 'Non A.C ', '500'),
	('98', 'Lakshmi Nilayam ', '94', 'Lakshmi Nilayam ', 'Non A.C ', '500'),
	('99', 'Narasimha Sadanam', '1', 'Normal Room ', 'Non A.C ', '300'),
	('100', 'Narasimha Sadanam', '2', 'Normal Room ', 'Non A.C ', '300'),
	('101', 'Narasimha Sadanam', '3', 'Normal Room ', 'Non A.C ', '300'),
	('102', 'Narasimha Sadanam', '4', 'Normal Room ', 'Non A.C ', '300'),
	('103', 'Narasimha Sadanam', '5', 'Normal Room ', 'Non A.C ', '300'),
	('104', 'Narasimha Sadanam', '6', 'Normal Room ', 'Non A.C ', '300'),
	('105', 'Narasimha Sadanam', '7', 'Normal Room ', 'Non A.C ', '300'),
	('106', 'Narasimha Sadanam', '8', 'Normal Room ', 'Non A.C ', '300'),
	('107', 'Narasimha Sadanam', '9', 'Normal Room ', 'Non A.C ', '300'),
	('108', 'Narasimha Sadanam', '10', 'Normal Room ', 'Non A.C ', '300'),
	('109', 'Narasimha Sadanam', '11', 'Normal Room ', 'Non A.C ', '300'),
	('110', 'Narasimha Sadanam', '12', 'Normal Room ', 'Non A.C ', '300'),
	('111', 'Narasimha Sadanam', '13', 'Normal Room ', 'Non A.C ', '300'),
	('112', 'Narasimha Sadanam', '14', 'Normal Room ', 'Non A.C ', '300'),
	('113', 'Narasimha Sadanam', '15', 'Normal Room ', 'Non A.C ', '300'),
	('114', 'Narasimha Sadanam', '16', 'Normal Room ', 'Non A.C ', '300'),
	('115', 'Narasimha Sadanam', '17', 'Normal Room ', 'Non A.C ', '300'),
	('116', 'Narasimha Sadanam', '18', 'Normal Room ', 'Non A.C ', '300'),
	('117', 'Narasimha Sadanam', '19', 'Normal Room ', 'Non A.C ', '300'),
	('118', 'Narasimha Sadanam', '20', 'Normal Room ', 'Non A.C ', '300'),
	('119', 'Narasimha Sadanam', '21', 'Normal Room ', 'Non A.C ', '300'),
	('120', 'Narasimha Sadanam', '22', 'Normal Room ', 'Non A.C ', '300'),
	('121', 'Narasimha Sadanam', '23', 'Normal Room ', 'Non A.C ', '300'),
	('122', 'Narasimha Sadanam', '24', 'Normal Room ', 'Non A.C ', '300'),
	('123', 'Narasimha Sadanam', '25', 'Normal Room ', 'Non A.C ', '300'),
	('124', 'Narasimha Sadanam', '26', 'Normal Room ', 'Non A.C ', '300'),
	('125', 'Narasimha Sadanam', '27', 'Normal Room ', 'Non A.C ', '300'),
	('126', 'Narasimha Sadanam', '28', 'Normal Room ', 'Non A.C ', '300'),
	('127', 'Narasimha Sadanam', '29', 'Normal Room ', 'Non A.C ', '300'),
	('128', 'Narasimha Sadanam', '30', 'Normal Room ', 'Non A.C ', '300'),
	('129', 'Narasimha Sadanam', '31', 'Normal Room ', 'Non A.C ', '300'),
	('130', 'Narasimha Sadanam', '32', 'Normal Room ', 'Non A.C ', '300'),
	('131', 'Narasimha Sadanam', '33', 'Normal Room ', 'Non A.C ', '300'),
	('132', 'Narasimha Sadanam', '34', 'Normal Room ', 'Non A.C ', '300'),
	('133', 'Narasimha Sadanam', '35', 'Normal Room ', 'Non A.C ', '300'),
	('134', 'Narasimha Sadanam', '36', 'Normal Room ', 'Non A.C ', '300'),
	('135', 'Narasimha Sadanam', '37', 'Normal Room ', 'Non A.C ', '300'),
	('136', 'Narasimha Sadanam', '38', 'Normal Room ', 'Non A.C ', '300'),
	('137', 'Narasimha Sadanam', '39', 'Normal Room ', 'Non A.C ', '300'),
	('138', 'Narasimha Sadanam', '40', 'Normal Room ', 'Non A.C ', '300'),
	('139', 'Narasimha Sadanam', '41', 'Normal Room ', 'Non A.C ', '300'),
	('140', 'Narasimha Sadanam', '42', 'Normal Room ', 'Non A.C ', '300'),
	('141', 'Narasimha Sadanam', '43', 'Normal Room ', 'Non A.C ', '300'),
	('142', 'Narasimha Sadanam', '44', 'Normal Room ', 'Non A.C ', '300'),
	('143', 'Narasimha Sadanam', '45', 'Normal Room ', 'Non A.C ', '300'),
	('144', 'Narasimha Sadanam', '46', 'Normal Room ', 'Non A.C ', '300'),
	('145', 'Narasimha Sadanam', '47', 'Normal Room ', 'Non A.C ', '300'),
	('146', 'Narasimha Sadanam', '48', 'Normal Room ', 'Non A.C ', '300'),
	('147', 'Narasimha Sadanam', '49', 'Normal Room ', 'Non A.C ', '300'),
	('148', 'Narasimha Sadanam', '50', 'Normal Room ', 'Non A.C ', '300'),
	('149', 'Narasimha Sadanam', '51', 'Normal Room ', 'Non A.C ', '300'),
	('150', 'Narasimha Sadanam', '52', 'Normal Room ', 'Non A.C ', '300'),
	('151', 'Narasimha Sadanam', '53', 'Normal Room ', 'Non A.C ', '300'),
	('152', 'Narasimha Sadanam', '54', 'Normal Room ', 'Non A.C ', '300'),
	('153', 'Narasimha Sadanam', '55', 'Normal Room ', 'Non A.C ', '300'),
	('154', 'Narasimha Sadanam', '56', 'Normal Room ', 'Non A.C ', '300'),
	('155', 'Narasimha Sadanam', '57', 'Normal Room ', 'Non A.C ', '300'),
	('156', 'Narasimha Sadanam', '58', 'Normal Room ', 'Non A.C ', '300'),
	('157', 'Narasimha Sadanam', '59', 'Normal Room ', 'Non A.C ', '300'),
	('158', 'Narasimha Sadanam', '60', 'Normal Room ', 'Non A.C ', '300'),
	('159', 'Narasimha Sadanam', '61', 'Normal Room ', 'Non A.C ', '300'),
	('160', 'Narasimha Sadanam', '62', 'Normal Room ', 'Non A.C ', '300'),
	('161', 'Narasimha Sadanam', '63', 'Normal Room ', 'Non A.C ', '300'),
	('162', 'Narasimha Sadanam', '64', 'Normal Room ', 'Non A.C ', '300'),
	('163', 'Narasimha Sadanam', '65', 'Normal Room ', 'Non A.C ', '300'),
	('164', 'Narasimha Sadanam', '66', 'Normal Room ', 'Non A.C ', '300'),
	('165', 'Narasimha Sadanam', '67', 'Normal Room ', 'Non A.C ', '300'),
	('166', 'Narasimha Sadanam', '68', 'Normal Room ', 'Non A.C ', '300'),
	('167', 'Narasimha Sadanam', '69', 'Normal Room ', 'Non A.C ', '300'),
	('168', 'Narasimha Sadanam', '70', 'Normal Room ', 'Non A.C ', '300'),
	('169', 'Narasimha Sadanam', '71', 'Normal Room ', 'Non A.C ', '300'),
	('170', 'Narasimha Sadanam', '72', 'Normal Room ', 'Non A.C ', '300'),
	('171', 'Narasimha Sadanam', '73', 'Normal Room ', 'Non A.C ', '300'),
	('172', 'Narasimha Sadanam', '74', 'Normal Room ', 'Non A.C ', '300'),
	('173', 'Narasimha Sadanam', '75', 'Normal Room ', 'Non A.C ', '300'),
	('174', 'Narasimha Sadanam', '76', 'Normal Room ', 'Non A.C ', '300'),
	('175', 'Nrusimha Bhavan', '1', 'Ordinary  Room ', 'Non A.C ', '300'),
	('176', 'Nrusimha Bhavan', '2', 'Ordinary  Room ', 'Non A.C ', '300'),
	('177', 'Nrusimha Bhavan', '3', 'Ordinary  Room ', 'Non A.C ', '300'),
	('178', 'Nrusimha Bhavan', '4', 'Ordinary  Room ', 'Non A.C ', '300'),
	('179', 'Nrusimha Bhavan', '5', 'Ordinary  Room ', 'Non A.C ', '300'),
	('180', 'Nrusimha Bhavan', '6', 'Ordinary  Room ', 'Non A.C ', '300'),
	('181', 'Nrusimha Bhavan', '7', 'Ordinary  Room ', 'Non A.C ', '300'),
	('182', 'Nrusimha Bhavan', '8', 'Ordinary  Room ', 'Non A.C ', '300'),
	('183', 'Nrusimha Bhavan', '9', 'Ordinary  Room ', 'Non A.C ', '300'),
	('184', 'Nrusimha Bhavan', '10', 'Ordinary  Room ', 'Non A.C ', '300'),
	('185', 'Nrusimha Bhavan', '11', 'Ordinary  Room ', 'Non A.C ', '300'),
	('186', 'Nrusimha Bhavan', '12', 'Ordinary  Room ', 'Non A.C ', '300'),
	('187', 'Nrusimha Bhavan', '13', 'Ordinary  Room ', 'Non A.C ', '300'),
	('188', 'Nrusimha Bhavan', '14', 'Ordinary  Room ', 'Non A.C ', '300'),
	('189', 'Nrusimha Bhavan', '15', 'Ordinary  Room ', 'Non A.C ', '300'),
	('190', 'Nrusimha Bhavan', '16', 'Ordinary  Room ', 'Non A.C ', '300'),
	('191', 'Nrusimha Bhavan', '17', 'Ordinary  Room ', 'Non A.C ', '300'),
	('192', 'Nrusimha Bhavan', '18', 'Ordinary  Room ', 'Non A.C ', '300'),
	('193', 'Nrusimha Bhavan', '19', 'Ordinary  Room ', 'Non A.C ', '300'),
	('194', 'Nrusimha Bhavan', '20', 'Ordinary  Room ', 'Non A.C ', '300'),
	('195', 'Nrusimha Bhavan', '21', 'Ordinary  Room ', 'Non A.C ', '300'),
	('196', 'Nrusimha Bhavan', '22', 'Ordinary  Room ', 'Non A.C ', '300'),
	('197', 'Nrusimha Bhavan', '23', 'Ordinary  Room ', 'Non A.C ', '300'),
	('198', 'Nrusimha Bhavan', '24', 'Ordinary  Room ', 'Non A.C ', '300'),
	('199', 'Nrusimha Bhavan', '25', 'Ordinary  Room ', 'Non A.C ', '300'),
	('200', 'Nrusimha Bhavan', '26', 'Ordinary  Room ', 'Non A.C ', '300'),
	('201', 'Nrusimha Bhavan', '27', 'Ordinary  Room ', 'Non A.C ', '300'),
	('202', 'Nrusimha Bhavan', '28', 'Ordinary  Room ', 'Non A.C ', '300'),
	('203', 'Nrusimha Bhavan', '29', 'Ordinary  Room ', 'Non A.C ', '300'),
	('204', 'Nrusimha Bhavan', '30', 'Ordinary  Room ', 'Non A.C ', '300'),
	('205', 'Nrusimha Bhavan', '31', 'Ordinary  Room ', 'Non A.C ', '300'),
	('206', 'Nrusimha Bhavan', '32', 'Ordinary  Room ', 'Non A.C ', '300'),
	('207', 'Yadarushi Nilayam ', '1', 'Cottage', 'Non A.C ', '600'),
	('208', 'Yadarushi Nilayam ', '2', 'Guest House ', 'Non A.C ', '600'),
	('209', 'Yadarushi Nilayam ', '3', 'Guest House ', 'Non A.C ', '300'),
	('210', 'Yadarushi Nilayam ', '4', 'Guest House ', 'Non A.C ', '300'),
	('211', 'Yadarushi Nilayam ', '5', 'Normal Room ', 'Non A.C ', '300'),
	('212', 'Yadarushi Nilayam ', '6', 'Normal Room ', 'Non A.C ', '300'),
	('213', 'Yadarushi Nilayam ', '7', 'Guest House ', 'Non A.C ', '600'),
	('214', 'Yadarushi Nilayam ', '8', 'Normal Room ', 'Non A.C ', '600'),
	('215', 'Yadarushi Nilayam ', '9', 'Guest House ', 'Non A.C ', '600'),
	('216', 'Yadarushi Nilayam ', '10', 'Guest House ', 'Non A.C ', '300'),
	('217', 'Yadarushi Nilayam ', '11', 'Normal Room ', 'Non A.C ', '600'),
	('218', 'Yogananda Nilyam ', '2', 'Normal Room ', 'Non A.C ', '200'),
	('219', 'Yogananda Nilyam ', '3', 'Normal Room ', 'Non A.C ', '200'),
	('220', 'Yogananda Nilyam ', '4', 'Normal Room ', 'Non A.C ', '200'),
	('221', 'Yogananda Nilyam ', '5', 'Normal Room ', 'Non A.C ', '200'),
	('222', 'Yogananda Nilyam ', '6', 'Normal Room ', 'Non A.C ', '200'),
	('223', 'Yogananda Nilyam ', '7', 'Normal Room ', 'Non A.C ', '200'),
	('224', 'Yogananda Nilyam ', '8', 'Normal Room ', 'Non A.C ', '200'),
	('225', 'Yogananda Nilyam ', '9', 'Normal Room ', 'Non A.C ', '200'),
	('226', 'Yogananda Nilyam ', '10', 'Normal Room ', 'Non A.C ', '200'),
	('227', 'Yogananda Nilyam ', '11', 'Normal Room ', 'Non A.C ', '200'),
	('228', 'Yogananda Nilyam ', '12', 'Normal Room ', 'Non A.C ', '200'),
	('229', 'Yogananda Nilyam ', '13', 'Normal Room ', 'Non A.C ', '200'),
	('230', 'Yogananda Nilyam ', '14', 'Normal Room ', 'Non A.C ', '200'),
	('231', 'Yogananda Nilyam ', '15', 'Normal Room ', 'Non A.C ', '200'),
	('232', 'Yogananda Nilyam ', '16', 'Normal Room ', 'Non A.C ', '200'),
	('233', 'Yogananda Nilyam ', '17', 'Normal Room ', 'Non A.C ', '200'),
	('234', 'Yogananda Nilyam ', '18', 'Normal Room ', 'Non A.C ', '200'),
	('235', 'Yogananda Nilyam ', '19', 'Normal Room ', 'Non A.C ', '200'),
	('236', 'Yogananda Nilyam ', '20', 'Normal Room ', 'Non A.C ', '200'),
	('237', 'Yogananda Nilyam ', '21', 'Normal Room ', 'Non A.C ', '200'),
	('238', 'Yogananda Nilyam ', '22', 'Normal Room ', 'Non A.C ', '200'),
	('239', 'Yogananda Nilyam ', '23', 'Normal Room ', 'Non A.C ', '200'),
	('240', 'Yogananda Nilyam ', '24', 'Normal Room ', 'Non A.C ', '200'),
	('241', 'Yogananda Nilyam ', '25', 'Normal Room ', 'Non A.C ', '200'),
	('242', 'Yogananda Nilyam ', '26', 'Normal Room ', 'Non A.C ', '200'),
	('243', 'Yogananda Nilyam ', '27', 'Normal Room ', 'Non A.C ', '200'),
	('244', 'Yogananda Nilyam ', '28', 'Normal Room ', 'Non A.C ', '200'),
	('245', 'Yogananda Nilyam ', '29', 'Normal Room ', 'Non A.C ', '200'),
	('246', 'Yogananda Nilyam ', '30', 'Normal Room ', 'Non A.C ', '200'),
	('247', 'Yogananda Nilyam ', '31', 'Normal Room ', 'Non A.C ', '200'),
	('248', 'Yogananda Nilyam ', '32', 'Normal Room ', 'Non A.C ', '200'),
	('249', 'Yogananda Nilyam ', '33', 'Normal Room ', 'Non A.C ', '200'),
	('250', 'Yogananda Nilyam ', '34', 'Normal Room ', 'Non A.C ', '200'),
	('251', 'Yogananda Nilyam ', '35', 'Normal Room ', 'Non A.C ', '200'),
	('252', 'Yogananda Nilyam ', '36', 'Normal Room ', 'Non A.C ', '200'),
	('253', 'Yogananda Nilyam ', '37', 'Normal Room ', 'Non A.C ', '200'),
	('254', 'Yogananda Nilyam ', '38', 'Normal Room ', 'Non A.C ', '200'),
	('255', 'Yogananda Nilyam ', '39', 'Normal Room ', 'Non A.C ', '200'),
	('256', 'Yogananda Nilyam ', '40', 'Normal Room ', 'Non A.C ', '200'),
	('257', 'Yogananda Nilyam ', '41', 'Normal Room ', 'Non A.C ', '200'),
	('258', 'Yogananda Nilyam ', '42', 'Normal Room ', 'Non A.C ', '200'),
	('259', 'Yogananda Nilyam ', '43', 'Normal Room ', 'Non A.C ', '200'),
	('260', 'Yogananda Nilyam ', '44', 'Normal Room ', 'Non A.C ', '200'),
	('261', 'Yogananda Nilyam ', '45', 'Normal Room ', 'Non A.C ', '200'),
	('262', 'Yogananda Nilyam ', '46', 'Normal Room ', 'Non A.C ', '200'),
	('263', 'Yogananda Nilyam ', '47', 'Normal Room ', 'Non A.C ', '200'),
	('264', 'Yogananda Nilyam ', '48', 'Normal Room ', 'Non A.C ', '200'),
	('265', 'Yogananda Nilyam ', '49', 'Normal Room ', 'Non A.C ', '200'),
	('266', 'Yogananda Nilyam ', '50', 'Normal Room ', 'Non A.C ', '200'),
	('267', 'Yogananda Nilyam ', '51', 'Normal Room ', 'Non A.C ', '200'),
	('268', 'Yogananda Nilyam ', '52', 'Normal Room ', 'Non A.C ', '200'),
	('269', 'Yogananda Nilyam ', '53', 'Normal Room ', 'Non A.C ', '200'),
	('270', 'Yogananda Nilyam ', '54', 'Normal Room ', 'Non A.C ', '200'),
	('271', 'Yogananda Nilyam ', '55', 'Normal Room ', 'Non A.C ', '200'),
	('272', 'Yogananda Nilyam ', '56', 'Normal Room ', 'Non A.C ', '200'),
	('273', 'Yogananda Nilyam ', '57', 'Normal Room ', 'Non A.C ', '200'),
	('274', 'Yogananda Nilyam ', '58', 'Normal Room ', 'Non A.C ', '200'),
	('275', 'Yogananda Nilyam ', '59', 'Normal Room ', 'Non A.C ', '200'),
	('276', 'Yogananda Nilyam ', '60', 'Normal Room ', 'Non A.C ', '200'),
	('277', 'Yogananda Nilyam  ', '1', 'Hall ', 'Non A.C ', '500'),
	('278', 'Yogananda Nilyam  ', '2', 'Hall ', 'Non A.C ', '500'),
	('279', 'Yogananda Nilyam  ', '3', 'Hall ', 'Non A.C ', '500'),
	('280', 'Yogananda Nilyam  ', '4', 'Hall ', 'Non A.C ', '500'),
	('281', 'Yogananda Nilyam  ', '5', 'Hall ', 'Non A.C ', '500'),
	('282', 'Yogananda Nilyam  ', '6', 'Hall ', 'Non A.C ', '500'),
	('283', 'Yogananda Nilyam  ', '7', 'Hall ', 'Non A.C ', '800'),
	('284', 'Mallaiah Darmashala', '1', 'ordinary Room ', 'Non A.C ', '200'),
	('285', 'Mallaiah Darmashala', '2', 'ordinary Room ', 'Non A.C ', '200'),
	('286', 'Mallaiah Darmashala', '3', 'ordinary Room ', 'Non A.C ', '200'),
	('287', 'Mallaiah Darmashala', '4', 'ordinary Room ', 'Non A.C ', '200'),
	('288', 'Mallaiah Darmashala', '5', 'ordinary Room ', 'Non A.C ', '200'),
	('289', 'Mallaiah Darmashala', '6', 'ordinary Room ', 'Non A.C ', '200'),
	('290', 'Mallaiah Darmashala', '7', 'ordinary Room ', 'Non A.C ', '200'),
	('291', 'Mallaiah Darmashala', '8', 'ordinary Room ', 'Non A.C ', '200'),
	('292', 'Mallaiah Darmashala', '9', 'ordinary Room ', 'Non A.C ', '200'),
	('293', 'Mallaiah Darmashala', '10', 'ordinary Room ', 'Non A.C ', '200'),
	('294', 'Mallaiah Darmashala', '11', 'ordinary Room ', 'Non A.C ', '200'),
	('295', 'Mallaiah Darmashala', '12', 'ordinary Room ', 'Non A.C ', '200'),
	('296', 'Mallaiah Darmashala', '13', 'ordinary Room ', 'Non A.C ', '200'),
	('297', 'Mallaiah Darmashala', '14', 'ordinary Room ', 'Non A.C ', '200'),
	('298', 'Mallaiah Darmashala', '15', 'ordinary Room ', 'Non A.C ', '200'),
	('299', 'Mallaiah Darmashala', '16', 'ordinary Room ', 'Non A.C ', '200'),
	('300', 'Mallaiah Darmashala', '17', 'ordinary Room ', 'Non A.C ', '200'),
	('301', 'Mallaiah Darmashala', '18', 'ordinary Room ', 'Non A.C ', '200'),
	('302', 'Mallaiah Darmashala', '19', 'ordinary Room ', 'Non A.C ', '200'),
	('303', 'Mallaiah Darmashala', '20', 'ordinary Room ', 'Non A.C ', '200'),
	('304', 'Mallaiah Darmashala', '21', 'ordinary Room ', 'Non A.C ', '200'),
	('305', 'Mallaiah Darmashala', '22', 'ordinary Room ', 'Non A.C ', '200'),
	('306', 'Mallaiah Darmashala', '23', 'ordinary Room ', 'Non A.C ', '200'),
	('', '', '23', '', '', '4600');
/*!40000 ALTER TABLE `downhills_data` ENABLE KEYS */;


-- Dumping structure for table yg_temple.excel_data
CREATE TABLE IF NOT EXISTS `excel_data` (
  `id` int(10) NOT NULL AUTO_INCREMENT,
  `block_name` varchar(255) DEFAULT NULL,
  `room_no` varchar(255) DEFAULT NULL,
  `room_type` varchar(255) DEFAULT NULL,
  `ac` varchar(255) DEFAULT NULL,
  `rent` int(11) DEFAULT NULL,
  PRIMARY KEY (`id`)
) ENGINE=InnoDB DEFAULT CHARSET=latin1;

-- Dumping data for table yg_temple.excel_data: ~0 rows (approximately)
DELETE FROM `excel_data`;
/*!40000 ALTER TABLE `excel_data` DISABLE KEYS */;
/*!40000 ALTER TABLE `excel_data` ENABLE KEYS */;


-- Dumping structure for table yg_temple.holidaydates
CREATE TABLE IF NOT EXISTS `holidaydates` (
  `id` int(10) NOT NULL AUTO_INCREMENT,
  `dates` varchar(50) DEFAULT NULL,
  PRIMARY KEY (`id`)
) ENGINE=InnoDB DEFAULT CHARSET=latin1;

-- Dumping data for table yg_temple.holidaydates: ~0 rows (approximately)
DELETE FROM `holidaydates`;
/*!40000 ALTER TABLE `holidaydates` DISABLE KEYS */;
/*!40000 ALTER TABLE `holidaydates` ENABLE KEYS */;


-- Dumping structure for table yg_temple.payments
CREATE TABLE IF NOT EXISTS `payments` (
  `id` bigint(10) NOT NULL AUTO_INCREMENT,
  `receipt_id` varchar(50) DEFAULT NULL,
  `deposit_refund_amount` float(10,2) DEFAULT NULL,
  `damage_amount` float(10,2) DEFAULT NULL,
  `deposit_refund_by` int(11) DEFAULT NULL,
  `deposit_refund_date` datetime DEFAULT NULL,
  `status` enum('1','0') DEFAULT '1',
  `created_by` int(11) DEFAULT NULL,
  `created_date` datetime DEFAULT NULL,
  `modified_by` int(11) DEFAULT NULL,
  `modified_date` datetime DEFAULT NULL,
  `ipaddress` varchar(100) DEFAULT NULL,
  PRIMARY KEY (`id`)
) ENGINE=InnoDB AUTO_INCREMENT=3 DEFAULT CHARSET=latin1;

-- Dumping data for table yg_temple.payments: ~2 rows (approximately)
DELETE FROM `payments`;
/*!40000 ALTER TABLE `payments` DISABLE KEYS */;
INSERT INTO `payments` (`id`, `receipt_id`, `deposit_refund_amount`, `damage_amount`, `deposit_refund_by`, `deposit_refund_date`, `status`, `created_by`, `created_date`, `modified_by`, `modified_date`, `ipaddress`) VALUES
	(1, '1', 300.00, 0.00, 4, '2014-12-28 15:20:01', '1', NULL, NULL, 4, '2014-12-28 15:20:01', '127.0.0.1'),
	(2, '2', 100.00, 200.00, 4, '2014-12-28 16:30:24', '1', NULL, NULL, 4, '2014-12-28 16:30:24', '127.0.0.1');
/*!40000 ALTER TABLE `payments` ENABLE KEYS */;


-- Dumping structure for table yg_temple.receipts
CREATE TABLE IF NOT EXISTS `receipts` (
  `id` bigint(10) NOT NULL AUTO_INCREMENT,
  `application_details_id` bigint(10) DEFAULT NULL,
  `booking_details_id` bigint(100) DEFAULT NULL,
  `receipt_id` varchar(50) DEFAULT NULL,
  `deposit_amt` float(10,2) DEFAULT NULL,
  `rent_amount` float(10,2) DEFAULT NULL,
  `advance_amount` float(10,2) DEFAULT NULL,
  `total_amount_paid` float(10,2) DEFAULT NULL,
  `deposit_amt_old` float(10,2) DEFAULT '0.00',
  `rent_amount_old` float(10,2) DEFAULT '0.00',
  `advance_amount_old` float(10,2) DEFAULT '0.00',
  `total_amount_paid_old` float(10,2) DEFAULT '0.00',
  `received_by` int(11) DEFAULT NULL,
  `received_date` datetime DEFAULT NULL,
  `status` enum('1','0') DEFAULT '1',
  `modified_by` int(11) DEFAULT NULL,
  `modified_date` datetime DEFAULT NULL,
  `ipaddress` varchar(100) DEFAULT NULL,
  PRIMARY KEY (`id`)
) ENGINE=InnoDB AUTO_INCREMENT=4 DEFAULT CHARSET=latin1;

-- Dumping data for table yg_temple.receipts: ~2 rows (approximately)
DELETE FROM `receipts`;
/*!40000 ALTER TABLE `receipts` DISABLE KEYS */;
INSERT INTO `receipts` (`id`, `application_details_id`, `booking_details_id`, `receipt_id`, `deposit_amt`, `rent_amount`, `advance_amount`, `total_amount_paid`, `deposit_amt_old`, `rent_amount_old`, `advance_amount_old`, `total_amount_paid_old`, `received_by`, `received_date`, `status`, `modified_by`, `modified_date`, `ipaddress`) VALUES
	(1, 21, NULL, NULL, 300.00, 300.00, 0.00, 600.00, 0.00, 0.00, 0.00, 0.00, 4, '2014-12-28 15:13:08', '1', 4, '2014-12-28 15:13:08', '127.0.0.1'),
	(2, 22, NULL, NULL, 300.00, 600.00, 0.00, 900.00, 0.00, 0.00, 0.00, 0.00, 4, '2014-12-28 15:49:27', '1', 4, '2014-12-28 15:49:27', '127.0.0.1'),
	(3, 23, NULL, NULL, 300.00, 300.00, 0.00, 600.00, 0.00, 0.00, 0.00, 0.00, 4, '2014-12-28 17:23:43', '1', 4, '2014-12-28 17:23:43', '127.0.0.1');
/*!40000 ALTER TABLE `receipts` ENABLE KEYS */;


-- Dumping structure for table yg_temple.replaced_booking_details
CREATE TABLE IF NOT EXISTS `replaced_booking_details` (
  `id` int(10) NOT NULL AUTO_INCREMENT,
  `old_blocks_id` int(10) DEFAULT '0',
  `old_rooms_id` int(10) DEFAULT '0',
  `new_blocks_id` int(10) DEFAULT '0',
  `new_rooms_id` int(10) DEFAULT '0',
  `replaced_date` timestamp NULL DEFAULT CURRENT_TIMESTAMP,
  PRIMARY KEY (`id`)
) ENGINE=InnoDB DEFAULT CHARSET=latin1;

-- Dumping data for table yg_temple.replaced_booking_details: ~0 rows (approximately)
DELETE FROM `replaced_booking_details`;
/*!40000 ALTER TABLE `replaced_booking_details` DISABLE KEYS */;
/*!40000 ALTER TABLE `replaced_booking_details` ENABLE KEYS */;


-- Dumping structure for table yg_temple.roles
CREATE TABLE IF NOT EXISTS `roles` (
  `id` int(10) NOT NULL AUTO_INCREMENT,
  `name` varchar(100) DEFAULT NULL,
  `status` enum('1','0') DEFAULT '1',
  `created_by` int(2) DEFAULT NULL,
  `created_date` datetime DEFAULT NULL,
  `modified_by` int(2) DEFAULT NULL,
  `modified_date` datetime DEFAULT NULL,
  `ipaddress` varchar(100) DEFAULT NULL,
  PRIMARY KEY (`id`)
) ENGINE=InnoDB AUTO_INCREMENT=5 DEFAULT CHARSET=latin1;

-- Dumping data for table yg_temple.roles: ~4 rows (approximately)
DELETE FROM `roles`;
/*!40000 ALTER TABLE `roles` DISABLE KEYS */;
INSERT INTO `roles` (`id`, `name`, `status`, `created_by`, `created_date`, `modified_by`, `modified_date`, `ipaddress`) VALUES
	(1, 'Admin', '1', NULL, NULL, NULL, NULL, NULL),
	(2, 'AEO', '1', NULL, NULL, NULL, NULL, NULL),
	(3, 'superintendent', '1', NULL, NULL, NULL, NULL, NULL),
	(4, 'Operator', '1', NULL, NULL, NULL, NULL, NULL);
/*!40000 ALTER TABLE `roles` ENABLE KEYS */;


-- Dumping structure for table yg_temple.rooms
CREATE TABLE IF NOT EXISTS `rooms` (
  `id` int(10) NOT NULL AUTO_INCREMENT,
  `name` varchar(255) DEFAULT NULL,
  `blocks_id` int(11) DEFAULT NULL,
  `vip_quota` enum('1','0') DEFAULT '0',
  `deposit_amt` int(11) DEFAULT '0',
  `rent_amt` int(11) DEFAULT '0',
  `status` enum('1','0') DEFAULT '1',
  `reason` text,
  `created_by` int(2) DEFAULT NULL,
  `created_date` datetime DEFAULT NULL,
  `modified_by` int(2) DEFAULT NULL,
  `modified_date` datetime DEFAULT NULL,
  `ipaddress` varchar(100) DEFAULT NULL,
  PRIMARY KEY (`id`)
) ENGINE=InnoDB AUTO_INCREMENT=483 DEFAULT CHARSET=latin1;

-- Dumping data for table yg_temple.rooms: ~482 rows (approximately)
DELETE FROM `rooms`;
/*!40000 ALTER TABLE `rooms` DISABLE KEYS */;
INSERT INTO `rooms` (`id`, `name`, `blocks_id`, `vip_quota`, `deposit_amt`, `rent_amt`, `status`, `reason`, `created_by`, `created_date`, `modified_by`, `modified_date`, `ipaddress`) VALUES
	(1, '1', 1, '0', 300, 300, '1', NULL, NULL, NULL, NULL, NULL, NULL),
	(2, '2', 1, '0', 300, 300, '1', NULL, NULL, NULL, NULL, NULL, NULL),
	(3, '3', 1, '0', 300, 300, '1', NULL, NULL, NULL, NULL, NULL, NULL),
	(4, '4', 1, '0', 300, 300, '1', NULL, NULL, NULL, NULL, NULL, NULL),
	(5, '5', 1, '0', 300, 300, '1', NULL, NULL, NULL, NULL, NULL, NULL),
	(6, '6', 1, '0', 300, 300, '1', NULL, NULL, NULL, NULL, NULL, NULL),
	(7, '7', 1, '0', 300, 300, '1', NULL, NULL, NULL, NULL, NULL, NULL),
	(8, '8', 1, '0', 300, 300, '1', NULL, NULL, NULL, NULL, NULL, NULL),
	(9, '9', 1, '0', 300, 300, '1', NULL, NULL, NULL, NULL, NULL, NULL),
	(10, '10', 1, '0', 300, 300, '1', NULL, NULL, NULL, NULL, NULL, NULL),
	(11, '11', 1, '0', 300, 300, '1', NULL, NULL, NULL, NULL, NULL, NULL),
	(12, '12', 1, '0', 300, 300, '1', NULL, NULL, NULL, NULL, NULL, NULL),
	(13, '13', 1, '0', 300, 300, '1', NULL, NULL, NULL, NULL, NULL, NULL),
	(14, '14', 1, '0', 300, 300, '1', NULL, NULL, NULL, NULL, NULL, NULL),
	(15, '15', 1, '0', 300, 300, '1', NULL, NULL, NULL, NULL, NULL, NULL),
	(16, '16', 1, '0', 300, 300, '1', NULL, NULL, NULL, NULL, NULL, NULL),
	(17, '17', 1, '0', 300, 300, '1', NULL, NULL, NULL, NULL, NULL, NULL),
	(18, '18', 1, '0', 300, 300, '1', NULL, NULL, NULL, NULL, NULL, NULL),
	(19, '19', 1, '0', 300, 300, '1', NULL, NULL, NULL, NULL, NULL, NULL),
	(20, '20', 1, '0', 300, 300, '1', NULL, NULL, NULL, NULL, NULL, NULL),
	(21, '21', 1, '0', 300, 300, '1', NULL, NULL, NULL, NULL, NULL, NULL),
	(22, '22', 1, '0', 300, 300, '1', NULL, NULL, NULL, NULL, NULL, NULL),
	(23, '23', 1, '0', 300, 300, '1', NULL, NULL, NULL, NULL, NULL, NULL),
	(24, '24', 1, '0', 300, 300, '1', NULL, NULL, NULL, NULL, NULL, NULL),
	(25, '25', 1, '0', 300, 300, '1', NULL, NULL, NULL, NULL, NULL, NULL),
	(26, '26', 1, '0', 300, 300, '1', NULL, NULL, NULL, NULL, NULL, NULL),
	(27, '27', 1, '0', 300, 300, '1', NULL, NULL, NULL, NULL, NULL, NULL),
	(28, '28', 1, '0', 300, 300, '1', NULL, NULL, NULL, NULL, NULL, NULL),
	(29, '29', 1, '0', 300, 300, '1', NULL, NULL, NULL, NULL, NULL, NULL),
	(30, '30', 1, '0', 300, 300, '1', NULL, NULL, NULL, NULL, NULL, NULL),
	(31, '31', 2, '0', 300, 300, '1', NULL, NULL, NULL, NULL, NULL, NULL),
	(32, '32', 2, '0', 300, 300, '1', NULL, NULL, NULL, NULL, NULL, NULL),
	(33, '33', 2, '0', 300, 300, '1', NULL, NULL, NULL, NULL, NULL, NULL),
	(34, '34', 2, '0', 300, 300, '1', NULL, NULL, NULL, NULL, NULL, NULL),
	(35, '35', 2, '0', 300, 300, '1', NULL, NULL, NULL, NULL, NULL, NULL),
	(36, '37', 2, '0', 300, 300, '1', NULL, NULL, NULL, NULL, NULL, NULL),
	(37, '38', 2, '0', 300, 300, '1', NULL, NULL, NULL, NULL, NULL, NULL),
	(38, '39', 2, '0', 300, 300, '1', NULL, NULL, NULL, NULL, NULL, NULL),
	(39, '40', 2, '0', 300, 300, '1', NULL, NULL, NULL, NULL, NULL, NULL),
	(40, '41', 2, '0', 300, 300, '1', NULL, NULL, NULL, NULL, NULL, NULL),
	(41, '42', 2, '0', 300, 300, '1', NULL, NULL, NULL, NULL, NULL, NULL),
	(42, '43', 2, '0', 300, 300, '1', NULL, NULL, NULL, NULL, NULL, NULL),
	(43, '44', 2, '0', 300, 300, '1', NULL, NULL, NULL, NULL, NULL, NULL),
	(44, '45', 2, '0', 300, 300, '1', NULL, NULL, NULL, NULL, NULL, NULL),
	(45, '46', 2, '0', 300, 300, '1', NULL, NULL, NULL, NULL, NULL, NULL),
	(46, '47', 2, '0', 300, 300, '1', NULL, NULL, NULL, NULL, NULL, NULL),
	(47, '48', 2, '0', 300, 300, '1', NULL, NULL, NULL, NULL, NULL, NULL),
	(48, '49', 2, '0', 300, 300, '1', NULL, NULL, NULL, NULL, NULL, NULL),
	(49, '50', 2, '0', 300, 300, '1', NULL, NULL, NULL, NULL, NULL, NULL),
	(50, '51', 2, '0', 300, 300, '1', NULL, NULL, NULL, NULL, NULL, NULL),
	(51, '52', 2, '0', 300, 300, '1', NULL, NULL, NULL, NULL, NULL, NULL),
	(52, '53', 2, '0', 300, 300, '1', NULL, NULL, NULL, NULL, NULL, NULL),
	(53, '54', 2, '0', 300, 300, '1', NULL, NULL, NULL, NULL, NULL, NULL),
	(54, '55', 2, '0', 300, 300, '1', NULL, NULL, NULL, NULL, NULL, NULL),
	(55, '56', 2, '0', 300, 300, '1', NULL, NULL, NULL, NULL, NULL, NULL),
	(56, '57', 2, '0', 300, 300, '1', NULL, NULL, NULL, NULL, NULL, NULL),
	(57, '58', 2, '0', 300, 300, '1', NULL, NULL, NULL, NULL, NULL, NULL),
	(58, '59', 2, '0', 300, 300, '1', NULL, NULL, NULL, NULL, NULL, NULL),
	(59, '60', 2, '0', 300, 300, '1', NULL, NULL, NULL, NULL, NULL, NULL),
	(60, '61', 3, '0', 400, 400, '1', NULL, NULL, NULL, NULL, NULL, NULL),
	(61, '62', 3, '0', 400, 400, '1', NULL, NULL, NULL, NULL, NULL, NULL),
	(62, '63', 3, '0', 400, 400, '1', NULL, NULL, NULL, NULL, NULL, NULL),
	(63, '64', 3, '0', 400, 400, '1', NULL, NULL, NULL, NULL, NULL, NULL),
	(64, '65', 3, '0', 400, 400, '1', NULL, NULL, NULL, NULL, NULL, NULL),
	(65, '66', 3, '0', 400, 400, '1', NULL, NULL, NULL, NULL, NULL, NULL),
	(66, '67', 3, '0', 400, 400, '1', NULL, NULL, NULL, NULL, NULL, NULL),
	(67, '68', 3, '0', 400, 400, '1', NULL, NULL, NULL, NULL, NULL, NULL),
	(68, '69', 3, '0', 400, 400, '1', NULL, NULL, NULL, NULL, NULL, NULL),
	(69, '71', 3, '0', 400, 400, '1', NULL, NULL, NULL, NULL, NULL, NULL),
	(70, '72', 3, '0', 400, 400, '1', NULL, NULL, NULL, NULL, NULL, NULL),
	(71, '73', 3, '0', 400, 400, '1', NULL, NULL, NULL, NULL, NULL, NULL),
	(72, '74', 3, '0', 400, 400, '1', NULL, NULL, NULL, NULL, NULL, NULL),
	(73, '75', 3, '0', 400, 400, '1', NULL, NULL, NULL, NULL, NULL, NULL),
	(74, '76', 3, '0', 400, 400, '1', NULL, NULL, NULL, NULL, NULL, NULL),
	(75, '77', 3, '0', 400, 400, '1', NULL, NULL, NULL, NULL, NULL, NULL),
	(76, '78', 3, '0', 400, 400, '1', NULL, NULL, NULL, NULL, NULL, NULL),
	(77, '79', 3, '0', 400, 400, '1', NULL, NULL, NULL, NULL, NULL, NULL),
	(78, '80', 3, '0', 400, 400, '1', NULL, NULL, NULL, NULL, NULL, NULL),
	(79, '81', 3, '0', 400, 400, '1', NULL, NULL, NULL, NULL, NULL, NULL),
	(80, '82', 3, '0', 400, 400, '1', NULL, NULL, NULL, NULL, NULL, NULL),
	(81, '83', 3, '0', 400, 400, '1', NULL, NULL, NULL, NULL, NULL, NULL),
	(82, '84', 3, '0', 400, 400, '1', NULL, NULL, NULL, NULL, NULL, NULL),
	(83, '85', 3, '0', 400, 400, '1', NULL, NULL, NULL, NULL, NULL, NULL),
	(84, '86', 3, '0', 400, 400, '1', NULL, NULL, NULL, NULL, NULL, NULL),
	(85, '87', 3, '0', 400, 400, '1', NULL, NULL, NULL, NULL, NULL, NULL),
	(86, '88', 3, '0', 400, 400, '1', NULL, NULL, NULL, NULL, NULL, NULL),
	(87, '89', 3, '0', 400, 400, '1', NULL, NULL, NULL, NULL, NULL, NULL),
	(88, '90', 3, '0', 400, 400, '1', NULL, NULL, NULL, NULL, NULL, NULL),
	(89, '1', 4, '0', 300, 300, '1', NULL, NULL, NULL, NULL, NULL, NULL),
	(90, '2,3', 4, '0', 500, 500, '1', NULL, NULL, NULL, NULL, NULL, NULL),
	(91, '17', 4, '0', 1000, 1000, '1', NULL, NULL, NULL, NULL, NULL, NULL),
	(92, '18', 4, '0', 1000, 1000, '1', NULL, NULL, NULL, NULL, NULL, NULL),
	(93, '19', 4, '0', 500, 500, '1', NULL, NULL, NULL, NULL, NULL, NULL),
	(94, '20', 4, '0', 500, 500, '1', NULL, NULL, NULL, NULL, NULL, NULL),
	(95, '21', 4, '0', 500, 500, '1', NULL, NULL, NULL, NULL, NULL, NULL),
	(96, '21', 4, '0', 500, 500, '1', NULL, NULL, NULL, NULL, NULL, NULL),
	(97, '22', 4, '0', 500, 500, '1', NULL, NULL, NULL, NULL, NULL, NULL),
	(98, '23A', 4, '0', 500, 500, '1', NULL, NULL, NULL, NULL, NULL, NULL),
	(99, '23B', 4, '0', 500, 500, '1', NULL, NULL, NULL, NULL, NULL, NULL),
	(100, '24', 4, '0', 200, 200, '1', NULL, NULL, NULL, NULL, NULL, NULL),
	(101, '25', 4, '0', 200, 200, '1', NULL, NULL, NULL, NULL, NULL, NULL),
	(102, '26', 4, '0', 100, 100, '1', NULL, NULL, NULL, NULL, NULL, NULL),
	(103, '27', 4, '0', 100, 100, '1', NULL, NULL, NULL, NULL, NULL, NULL),
	(104, '28', 4, '0', 500, 500, '1', NULL, NULL, NULL, NULL, NULL, NULL),
	(105, '30', 4, '0', 100, 100, '1', NULL, NULL, NULL, NULL, NULL, NULL),
	(106, '31', 4, '0', 100, 100, '1', NULL, NULL, NULL, NULL, NULL, NULL),
	(107, '32', 4, '0', 100, 100, '1', NULL, NULL, NULL, NULL, NULL, NULL),
	(108, '33', 4, '0', 100, 100, '1', NULL, NULL, NULL, NULL, NULL, NULL),
	(109, '34', 4, '0', 100, 100, '1', NULL, NULL, NULL, NULL, NULL, NULL),
	(110, '35', 4, '0', 100, 100, '1', NULL, NULL, NULL, NULL, NULL, NULL),
	(111, '36', 4, '0', 100, 100, '1', NULL, NULL, NULL, NULL, NULL, NULL),
	(112, '38', 4, '0', 100, 100, '1', NULL, NULL, NULL, NULL, NULL, NULL),
	(113, '39', 4, '0', 100, 100, '1', NULL, NULL, NULL, NULL, NULL, NULL),
	(114, '45', 4, '0', 200, 200, '1', NULL, NULL, NULL, NULL, NULL, NULL),
	(115, '46', 4, '0', 200, 200, '1', NULL, NULL, NULL, NULL, NULL, NULL),
	(116, '47', 4, '0', 100, 100, '1', NULL, NULL, NULL, NULL, NULL, NULL),
	(117, '49 A', 4, '0', 500, 500, '1', NULL, NULL, NULL, NULL, NULL, NULL),
	(118, '49 B', 4, '0', 500, 500, '1', NULL, NULL, NULL, NULL, NULL, NULL),
	(119, '50', 4, '0', 500, 500, '1', NULL, NULL, NULL, NULL, NULL, NULL),
	(120, '51', 4, '0', 200, 200, '1', NULL, NULL, NULL, NULL, NULL, NULL),
	(121, '54', 4, '0', 200, 200, '1', NULL, NULL, NULL, NULL, NULL, NULL),
	(122, '55', 4, '0', 200, 200, '1', NULL, NULL, NULL, NULL, NULL, NULL),
	(123, '56', 4, '0', 200, 200, '1', NULL, NULL, NULL, NULL, NULL, NULL),
	(124, '58', 4, '0', 2000, 2000, '1', NULL, NULL, NULL, NULL, NULL, NULL),
	(125, '59', 4, '0', 300, 300, '1', NULL, NULL, NULL, NULL, NULL, NULL),
	(126, '62', 4, '0', 300, 300, '1', NULL, NULL, NULL, NULL, NULL, NULL),
	(127, '63', 4, '0', 200, 200, '1', NULL, NULL, NULL, NULL, NULL, NULL),
	(128, '64', 4, '0', 1000, 1000, '1', NULL, NULL, NULL, NULL, NULL, NULL),
	(129, '65', 4, '0', 1000, 1000, '1', NULL, NULL, NULL, NULL, NULL, NULL),
	(130, '1', 5, '0', 1000, 1000, '1', NULL, NULL, NULL, NULL, NULL, NULL),
	(131, '2', 5, '0', 1000, 1000, '1', NULL, NULL, NULL, NULL, NULL, NULL),
	(132, '3', 5, '0', 1000, 1000, '1', NULL, NULL, NULL, NULL, NULL, NULL),
	(133, '4', 5, '0', 1000, 1000, '1', NULL, NULL, NULL, NULL, NULL, NULL),
	(134, '20', 6, '0', 500, 500, '1', NULL, NULL, NULL, NULL, NULL, NULL),
	(135, '54', 6, '0', 1000, 1000, '1', NULL, NULL, NULL, NULL, NULL, NULL),
	(136, '55', 6, '0', 1000, 1000, '1', NULL, NULL, NULL, NULL, NULL, NULL),
	(137, '56', 6, '0', 1000, 1000, '1', NULL, NULL, NULL, NULL, NULL, NULL),
	(138, '57', 6, '0', 300, 300, '1', NULL, NULL, NULL, NULL, NULL, NULL),
	(139, '58', 6, '0', 300, 300, '1', NULL, NULL, NULL, NULL, NULL, NULL),
	(140, '59', 6, '0', 600, 600, '1', NULL, NULL, NULL, NULL, NULL, NULL),
	(141, '61', 6, '0', 300, 300, '1', NULL, NULL, NULL, NULL, NULL, NULL),
	(142, '62', 6, '0', 1000, 1000, '1', NULL, NULL, NULL, NULL, NULL, NULL),
	(143, '63', 6, '0', 1000, 1000, '1', NULL, NULL, NULL, NULL, NULL, NULL),
	(144, '64', 6, '0', 300, 300, '1', NULL, NULL, NULL, NULL, NULL, NULL),
	(145, '65', 6, '0', 500, 500, '1', NULL, NULL, NULL, NULL, NULL, NULL),
	(146, '72,73', 6, '0', 1000, 1000, '1', NULL, NULL, NULL, NULL, NULL, NULL),
	(147, '74', 6, '0', 1000, 1000, '1', NULL, NULL, NULL, NULL, NULL, NULL),
	(148, '79', 6, '0', 1000, 1000, '1', NULL, NULL, NULL, NULL, NULL, NULL),
	(149, '98', 6, '0', 2000, 2000, '1', NULL, NULL, NULL, NULL, NULL, NULL),
	(150, '98 A,B,C', 6, '0', 1000, 1000, '1', NULL, NULL, NULL, NULL, NULL, NULL),
	(151, '99', 6, '0', 1000, 1000, '1', NULL, NULL, NULL, NULL, NULL, NULL),
	(152, '1', 7, '0', 1500, 1500, '1', NULL, NULL, NULL, NULL, NULL, NULL),
	(153, '2', 7, '0', 1500, 1500, '1', NULL, NULL, NULL, NULL, NULL, NULL),
	(154, '3', 7, '0', 1500, 1500, '1', NULL, NULL, NULL, NULL, NULL, NULL),
	(155, '4', 7, '0', 1500, 1500, '1', NULL, NULL, NULL, NULL, NULL, NULL),
	(156, '5', 7, '0', 1500, 1500, '1', NULL, NULL, NULL, NULL, NULL, NULL),
	(157, '1', 8, '0', 2500, 2500, '1', NULL, NULL, NULL, NULL, NULL, NULL),
	(158, '2', 8, '0', 2500, 2500, '1', NULL, NULL, NULL, NULL, NULL, NULL),
	(159, '3', 8, '0', 2500, 2500, '1', NULL, NULL, NULL, NULL, NULL, NULL),
	(160, '4', 8, '0', 2500, 2500, '1', NULL, NULL, NULL, NULL, NULL, NULL),
	(161, '5', 8, '0', 2500, 2500, '1', NULL, NULL, NULL, NULL, NULL, NULL),
	(162, '6', 8, '0', 2500, 2500, '1', NULL, NULL, NULL, NULL, NULL, NULL),
	(163, '7', 8, '0', 2500, 2500, '1', NULL, NULL, NULL, NULL, NULL, NULL),
	(164, '8', 8, '0', 2500, 2500, '1', NULL, NULL, NULL, NULL, NULL, NULL),
	(165, '9', 8, '0', 2500, 2500, '1', NULL, NULL, NULL, NULL, NULL, NULL),
	(166, '10', 8, '0', 2500, 2500, '1', NULL, NULL, NULL, NULL, NULL, NULL),
	(167, '11', 8, '0', 2500, 2500, '1', NULL, NULL, NULL, NULL, NULL, NULL),
	(168, '12', 8, '0', 2500, 2500, '1', NULL, NULL, NULL, NULL, NULL, NULL),
	(169, '13', 8, '0', 500, 500, '1', NULL, NULL, NULL, NULL, NULL, NULL),
	(170, '21', 9, '0', 200, 200, '1', NULL, NULL, NULL, NULL, NULL, NULL),
	(171, '22', 9, '0', 200, 200, '1', NULL, NULL, NULL, NULL, NULL, NULL),
	(172, '28', 9, '0', 200, 200, '1', NULL, NULL, NULL, NULL, NULL, NULL),
	(173, '29', 9, '0', 100, 100, '1', NULL, NULL, NULL, NULL, NULL, NULL),
	(174, '30', 9, '0', 100, 100, '1', NULL, NULL, NULL, NULL, NULL, NULL),
	(175, '31', 9, '0', 100, 100, '1', NULL, NULL, NULL, NULL, NULL, NULL),
	(176, '32', 9, '0', 100, 100, '1', NULL, NULL, NULL, NULL, NULL, NULL),
	(177, '1', 10, '0', 1000, 1000, '1', NULL, NULL, NULL, NULL, NULL, NULL),
	(178, '2', 10, '0', 1000, 1000, '1', NULL, NULL, NULL, NULL, NULL, NULL),
	(179, '1', 11, '0', 1500, 1500, '1', NULL, NULL, NULL, NULL, NULL, NULL),
	(180, '2', 11, '0', 1500, 1500, '1', NULL, NULL, NULL, NULL, NULL, NULL),
	(181, '1', 12, '0', 500, 500, '1', NULL, NULL, NULL, NULL, NULL, NULL),
	(182, '2', 12, '0', 500, 500, '1', NULL, NULL, NULL, NULL, NULL, NULL),
	(183, '3', 12, '0', 600, 600, '1', NULL, NULL, NULL, NULL, NULL, NULL),
	(184, '4', 12, '0', 500, 500, '1', NULL, NULL, NULL, NULL, NULL, NULL),
	(185, '5', 12, '0', 500, 500, '1', NULL, NULL, NULL, NULL, NULL, NULL),
	(186, '6', 12, '0', 500, 500, '1', NULL, NULL, NULL, NULL, NULL, NULL),
	(187, '7', 12, '0', 500, 500, '1', NULL, NULL, NULL, NULL, NULL, NULL),
	(188, '8', 12, '0', 600, 600, '1', NULL, NULL, NULL, NULL, NULL, NULL),
	(189, '9', 12, '0', 500, 500, '1', NULL, NULL, NULL, NULL, NULL, NULL),
	(190, '10', 12, '0', 500, 500, '1', NULL, NULL, NULL, NULL, NULL, NULL),
	(191, '11', 12, '0', 500, 500, '1', NULL, NULL, NULL, NULL, NULL, NULL),
	(192, '12', 12, '0', 500, 500, '1', NULL, NULL, NULL, NULL, NULL, NULL),
	(193, '13', 12, '0', 500, 500, '1', NULL, NULL, NULL, NULL, NULL, NULL),
	(194, '14', 12, '0', 500, 500, '1', NULL, NULL, NULL, NULL, NULL, NULL),
	(195, '15', 12, '0', 600, 600, '1', NULL, NULL, NULL, NULL, NULL, NULL),
	(196, '16', 12, '0', 500, 500, '1', NULL, NULL, NULL, NULL, NULL, NULL),
	(197, '17', 12, '0', 500, 500, '1', NULL, NULL, NULL, NULL, NULL, NULL),
	(198, '18', 12, '0', 500, 500, '1', NULL, NULL, NULL, NULL, NULL, NULL),
	(199, '19', 12, '0', 500, 500, '1', NULL, NULL, NULL, NULL, NULL, NULL),
	(200, '20', 12, '0', 600, 600, '1', NULL, NULL, NULL, NULL, NULL, NULL),
	(201, '21', 12, '0', 500, 500, '1', NULL, NULL, NULL, NULL, NULL, NULL),
	(202, '22', 12, '0', 500, 500, '1', NULL, NULL, NULL, NULL, NULL, NULL),
	(203, '23', 12, '0', 600, 600, '1', NULL, NULL, NULL, NULL, NULL, NULL),
	(204, '24', 12, '0', 500, 500, '1', NULL, NULL, NULL, NULL, NULL, NULL),
	(205, '25', 12, '0', 500, 500, '1', NULL, NULL, NULL, NULL, NULL, NULL),
	(206, '26', 12, '0', 500, 500, '1', NULL, NULL, NULL, NULL, NULL, NULL),
	(207, '27', 12, '0', 500, 500, '1', NULL, NULL, NULL, NULL, NULL, NULL),
	(208, '28', 12, '0', 600, 600, '1', NULL, NULL, NULL, NULL, NULL, NULL),
	(209, '29', 12, '0', 500, 500, '1', NULL, NULL, NULL, NULL, NULL, NULL),
	(210, '30', 12, '0', 500, 500, '1', NULL, NULL, NULL, NULL, NULL, NULL),
	(211, '31', 12, '0', 500, 500, '1', NULL, NULL, NULL, NULL, NULL, NULL),
	(212, '32', 12, '0', 500, 500, '1', NULL, NULL, NULL, NULL, NULL, NULL),
	(213, '33', 12, '0', 500, 500, '1', NULL, NULL, NULL, NULL, NULL, NULL),
	(214, '34', 12, '0', 500, 500, '1', NULL, NULL, NULL, NULL, NULL, NULL),
	(215, '35', 12, '0', 600, 600, '1', NULL, NULL, NULL, NULL, NULL, NULL),
	(216, '36', 12, '0', 500, 500, '1', NULL, NULL, NULL, NULL, NULL, NULL),
	(217, '37', 12, '0', 500, 500, '1', NULL, NULL, NULL, NULL, NULL, NULL),
	(218, '38', 12, '0', 500, 500, '1', NULL, NULL, NULL, NULL, NULL, NULL),
	(219, '39', 12, '0', 500, 500, '1', NULL, NULL, NULL, NULL, NULL, NULL),
	(220, '40', 12, '0', 600, 600, '1', NULL, NULL, NULL, NULL, NULL, NULL),
	(221, '41', 12, '0', 500, 500, '1', NULL, NULL, NULL, NULL, NULL, NULL),
	(222, '42', 12, '0', 500, 500, '1', NULL, NULL, NULL, NULL, NULL, NULL),
	(223, '43', 12, '0', 500, 500, '1', NULL, NULL, NULL, NULL, NULL, NULL),
	(224, '44', 12, '0', 500, 500, '1', NULL, NULL, NULL, NULL, NULL, NULL),
	(225, '45', 12, '0', 500, 500, '1', NULL, NULL, NULL, NULL, NULL, NULL),
	(226, '46', 12, '0', 500, 500, '1', NULL, NULL, NULL, NULL, NULL, NULL),
	(227, '47', 12, '0', 600, 600, '1', NULL, NULL, NULL, NULL, NULL, NULL),
	(228, '48', 12, '0', 500, 500, '1', NULL, NULL, NULL, NULL, NULL, NULL),
	(229, '49', 12, '0', 500, 500, '1', NULL, NULL, NULL, NULL, NULL, NULL),
	(230, '50', 12, '0', 500, 500, '1', NULL, NULL, NULL, NULL, NULL, NULL),
	(231, '51', 12, '0', 500, 500, '1', NULL, NULL, NULL, NULL, NULL, NULL),
	(232, '52', 12, '0', 600, 600, '1', NULL, NULL, NULL, NULL, NULL, NULL),
	(233, '53', 12, '0', 500, 500, '1', NULL, NULL, NULL, NULL, NULL, NULL),
	(234, '54', 12, '0', 500, 500, '1', NULL, NULL, NULL, NULL, NULL, NULL),
	(235, '55', 12, '0', 500, 500, '1', NULL, NULL, NULL, NULL, NULL, NULL),
	(236, '56', 12, '0', 500, 500, '1', NULL, NULL, NULL, NULL, NULL, NULL),
	(237, '57', 12, '0', 500, 500, '1', NULL, NULL, NULL, NULL, NULL, NULL),
	(238, '58', 12, '0', 500, 500, '1', NULL, NULL, NULL, NULL, NULL, NULL),
	(239, '59', 12, '0', 600, 600, '1', NULL, NULL, NULL, NULL, NULL, NULL),
	(240, '60', 12, '0', 500, 500, '1', NULL, NULL, NULL, NULL, NULL, NULL),
	(241, '61', 12, '0', 500, 500, '1', NULL, NULL, NULL, NULL, NULL, NULL),
	(242, '62', 12, '0', 500, 500, '1', NULL, NULL, NULL, NULL, NULL, NULL),
	(243, '63', 12, '0', 500, 500, '1', NULL, NULL, NULL, NULL, NULL, NULL),
	(244, '64', 12, '0', 600, 600, '1', NULL, NULL, NULL, NULL, NULL, NULL),
	(245, '65', 12, '0', 500, 500, '1', NULL, NULL, NULL, NULL, NULL, NULL),
	(246, '66', 12, '0', 500, 500, '1', NULL, NULL, NULL, NULL, NULL, NULL),
	(247, '67', 12, '0', 500, 500, '1', NULL, NULL, NULL, NULL, NULL, NULL),
	(248, '68', 12, '0', 500, 500, '1', NULL, NULL, NULL, NULL, NULL, NULL),
	(249, '69', 12, '0', 500, 500, '1', NULL, NULL, NULL, NULL, NULL, NULL),
	(250, '70', 12, '0', 500, 500, '1', NULL, NULL, NULL, NULL, NULL, NULL),
	(251, '71', 12, '0', 600, 600, '1', NULL, NULL, NULL, NULL, NULL, NULL),
	(252, '72', 12, '0', 500, 500, '1', NULL, NULL, NULL, NULL, NULL, NULL),
	(253, '73', 12, '0', 500, 500, '1', NULL, NULL, NULL, NULL, NULL, NULL),
	(254, '74', 12, '0', 500, 500, '1', NULL, NULL, NULL, NULL, NULL, NULL),
	(255, '75', 12, '0', 500, 500, '1', NULL, NULL, NULL, NULL, NULL, NULL),
	(256, '76', 12, '0', 600, 600, '1', NULL, NULL, NULL, NULL, NULL, NULL),
	(257, '77', 12, '0', 500, 500, '1', NULL, NULL, NULL, NULL, NULL, NULL),
	(258, '78', 12, '0', 500, 500, '1', NULL, NULL, NULL, NULL, NULL, NULL),
	(259, '79', 12, '0', 500, 500, '1', NULL, NULL, NULL, NULL, NULL, NULL),
	(260, '80', 12, '0', 500, 500, '1', NULL, NULL, NULL, NULL, NULL, NULL),
	(261, '81', 12, '0', 500, 500, '1', NULL, NULL, NULL, NULL, NULL, NULL),
	(262, '82', 12, '0', 500, 500, '1', NULL, NULL, NULL, NULL, NULL, NULL),
	(263, '83', 12, '0', 600, 600, '1', NULL, NULL, NULL, NULL, NULL, NULL),
	(264, '84', 12, '0', 500, 500, '1', NULL, NULL, NULL, NULL, NULL, NULL),
	(265, '85', 12, '0', 500, 500, '1', NULL, NULL, NULL, NULL, NULL, NULL),
	(266, '86', 12, '0', 500, 500, '1', NULL, NULL, NULL, NULL, NULL, NULL),
	(267, '87', 12, '0', 500, 500, '1', NULL, NULL, NULL, NULL, NULL, NULL),
	(268, '88', 12, '0', 500, 500, '1', NULL, NULL, NULL, NULL, NULL, NULL),
	(269, '89', 12, '0', 500, 500, '1', NULL, NULL, NULL, NULL, NULL, NULL),
	(270, '90', 12, '0', 500, 500, '1', NULL, NULL, NULL, NULL, NULL, NULL),
	(271, '91', 12, '0', 500, 500, '1', NULL, NULL, NULL, NULL, NULL, NULL),
	(272, '92', 12, '0', 500, 500, '1', NULL, NULL, NULL, NULL, NULL, NULL),
	(273, '93', 12, '0', 500, 500, '1', NULL, NULL, NULL, NULL, NULL, NULL),
	(274, '94', 12, '0', 500, 500, '1', NULL, NULL, NULL, NULL, NULL, NULL),
	(275, '1', 13, '0', 300, 300, '1', NULL, NULL, NULL, NULL, NULL, NULL),
	(276, '2', 13, '0', 300, 300, '1', NULL, NULL, NULL, NULL, NULL, NULL),
	(277, '3', 13, '0', 300, 300, '1', NULL, NULL, NULL, NULL, NULL, NULL),
	(278, '4', 13, '0', 300, 300, '1', NULL, NULL, NULL, NULL, NULL, NULL),
	(279, '5', 13, '0', 300, 300, '1', NULL, NULL, NULL, NULL, NULL, NULL),
	(280, '6', 13, '0', 300, 300, '1', NULL, NULL, NULL, NULL, NULL, NULL),
	(281, '7', 13, '0', 300, 300, '1', NULL, NULL, NULL, NULL, NULL, NULL),
	(282, '8', 13, '0', 300, 300, '1', NULL, NULL, NULL, NULL, NULL, NULL),
	(283, '9', 13, '0', 300, 300, '1', NULL, NULL, NULL, NULL, NULL, NULL),
	(284, '10', 13, '0', 300, 300, '1', NULL, NULL, NULL, NULL, NULL, NULL),
	(285, '11', 13, '0', 300, 300, '1', NULL, NULL, NULL, NULL, NULL, NULL),
	(286, '12', 13, '0', 300, 300, '1', NULL, NULL, NULL, NULL, NULL, NULL),
	(287, '13', 13, '0', 300, 300, '1', NULL, NULL, NULL, NULL, NULL, NULL),
	(288, '14', 13, '0', 300, 300, '1', NULL, NULL, NULL, NULL, NULL, NULL),
	(289, '15', 13, '0', 300, 300, '1', NULL, NULL, NULL, NULL, NULL, NULL),
	(290, '16', 13, '0', 300, 300, '1', NULL, NULL, NULL, NULL, NULL, NULL),
	(291, '17', 13, '0', 300, 300, '1', NULL, NULL, NULL, NULL, NULL, NULL),
	(292, '18', 13, '0', 300, 300, '1', NULL, NULL, NULL, NULL, NULL, NULL),
	(293, '19', 13, '0', 300, 300, '1', NULL, NULL, NULL, NULL, NULL, NULL),
	(294, '20', 13, '0', 300, 300, '1', NULL, NULL, NULL, NULL, NULL, NULL),
	(295, '21', 13, '0', 300, 300, '1', NULL, NULL, NULL, NULL, NULL, NULL),
	(296, '22', 13, '0', 300, 300, '1', NULL, NULL, NULL, NULL, NULL, NULL),
	(297, '23', 13, '0', 300, 300, '1', NULL, NULL, NULL, NULL, NULL, NULL),
	(298, '24', 13, '0', 300, 300, '1', NULL, NULL, NULL, NULL, NULL, NULL),
	(299, '25', 13, '0', 300, 300, '1', NULL, NULL, NULL, NULL, NULL, NULL),
	(300, '26', 13, '0', 300, 300, '1', NULL, NULL, NULL, NULL, NULL, NULL),
	(301, '27', 13, '0', 300, 300, '1', NULL, NULL, NULL, NULL, NULL, NULL),
	(302, '28', 13, '0', 300, 300, '1', NULL, NULL, NULL, NULL, NULL, NULL),
	(303, '29', 13, '0', 300, 300, '1', NULL, NULL, NULL, NULL, NULL, NULL),
	(304, '30', 13, '0', 300, 300, '1', NULL, NULL, NULL, NULL, NULL, NULL),
	(305, '31', 13, '0', 300, 300, '1', NULL, NULL, NULL, NULL, NULL, NULL),
	(306, '32', 13, '0', 300, 300, '1', NULL, NULL, NULL, NULL, NULL, NULL),
	(307, '33', 13, '0', 300, 300, '1', NULL, NULL, NULL, NULL, NULL, NULL),
	(308, '34', 13, '0', 300, 300, '1', NULL, NULL, NULL, NULL, NULL, NULL),
	(309, '35', 13, '0', 300, 300, '1', NULL, NULL, NULL, NULL, NULL, NULL),
	(310, '36', 13, '0', 300, 300, '1', NULL, NULL, NULL, NULL, NULL, NULL),
	(311, '37', 13, '0', 300, 300, '1', NULL, NULL, NULL, NULL, NULL, NULL),
	(312, '38', 13, '0', 300, 300, '1', NULL, NULL, NULL, NULL, NULL, NULL),
	(313, '39', 13, '0', 300, 300, '1', NULL, NULL, NULL, NULL, NULL, NULL),
	(314, '40', 13, '0', 300, 300, '1', NULL, NULL, NULL, NULL, NULL, NULL),
	(315, '41', 13, '0', 300, 300, '1', NULL, NULL, NULL, NULL, NULL, NULL),
	(316, '42', 13, '0', 300, 300, '1', NULL, NULL, NULL, NULL, NULL, NULL),
	(317, '43', 13, '0', 300, 300, '1', NULL, NULL, NULL, NULL, NULL, NULL),
	(318, '44', 13, '0', 300, 300, '1', NULL, NULL, NULL, NULL, NULL, NULL),
	(319, '45', 13, '0', 300, 300, '1', NULL, NULL, NULL, NULL, NULL, NULL),
	(320, '46', 13, '0', 300, 300, '1', NULL, NULL, NULL, NULL, NULL, NULL),
	(321, '47', 13, '0', 300, 300, '1', NULL, NULL, NULL, NULL, NULL, NULL),
	(322, '48', 13, '0', 300, 300, '1', NULL, NULL, NULL, NULL, NULL, NULL),
	(323, '49', 13, '0', 300, 300, '1', NULL, NULL, NULL, NULL, NULL, NULL),
	(324, '50', 13, '0', 300, 300, '1', NULL, NULL, NULL, NULL, NULL, NULL),
	(325, '51', 13, '0', 300, 300, '1', NULL, NULL, NULL, NULL, NULL, NULL),
	(326, '52', 13, '0', 300, 300, '1', NULL, NULL, NULL, NULL, NULL, NULL),
	(327, '53', 13, '0', 300, 300, '1', NULL, NULL, NULL, NULL, NULL, NULL),
	(328, '54', 13, '0', 300, 300, '1', NULL, NULL, NULL, NULL, NULL, NULL),
	(329, '55', 13, '0', 300, 300, '1', NULL, NULL, NULL, NULL, NULL, NULL),
	(330, '56', 13, '0', 300, 300, '1', NULL, NULL, NULL, NULL, NULL, NULL),
	(331, '57', 13, '0', 300, 300, '1', NULL, NULL, NULL, NULL, NULL, NULL),
	(332, '58', 13, '0', 300, 300, '1', NULL, NULL, NULL, NULL, NULL, NULL),
	(333, '59', 13, '0', 300, 300, '1', NULL, NULL, NULL, NULL, NULL, NULL),
	(334, '60', 13, '0', 300, 300, '1', NULL, NULL, NULL, NULL, NULL, NULL),
	(335, '61', 13, '0', 300, 300, '1', NULL, NULL, NULL, NULL, NULL, NULL),
	(336, '62', 13, '0', 300, 300, '1', NULL, NULL, NULL, NULL, NULL, NULL),
	(337, '63', 13, '0', 300, 300, '1', NULL, NULL, NULL, NULL, NULL, NULL),
	(338, '64', 13, '0', 300, 300, '1', NULL, NULL, NULL, NULL, NULL, NULL),
	(339, '65', 13, '0', 300, 300, '1', NULL, NULL, NULL, NULL, NULL, NULL),
	(340, '66', 13, '0', 300, 300, '1', NULL, NULL, NULL, NULL, NULL, NULL),
	(341, '67', 13, '0', 300, 300, '1', NULL, NULL, NULL, NULL, NULL, NULL),
	(342, '68', 13, '0', 300, 300, '1', NULL, NULL, NULL, NULL, NULL, NULL),
	(343, '69', 13, '0', 300, 300, '1', NULL, NULL, NULL, NULL, NULL, NULL),
	(344, '70', 13, '0', 300, 300, '1', NULL, NULL, NULL, NULL, NULL, NULL),
	(345, '71', 13, '0', 300, 300, '1', NULL, NULL, NULL, NULL, NULL, NULL),
	(346, '72', 13, '0', 300, 300, '1', NULL, NULL, NULL, NULL, NULL, NULL),
	(347, '73', 13, '0', 300, 300, '1', NULL, NULL, NULL, NULL, NULL, NULL),
	(348, '74', 13, '0', 300, 300, '1', NULL, NULL, NULL, NULL, NULL, NULL),
	(349, '75', 13, '0', 300, 300, '1', NULL, NULL, NULL, NULL, NULL, NULL),
	(350, '76', 13, '0', 300, 300, '1', NULL, NULL, NULL, NULL, NULL, NULL),
	(351, '1', 14, '0', 300, 300, '1', NULL, NULL, NULL, NULL, NULL, NULL),
	(352, '2', 14, '0', 300, 300, '1', NULL, NULL, NULL, NULL, NULL, NULL),
	(353, '3', 14, '0', 300, 300, '1', NULL, NULL, NULL, NULL, NULL, NULL),
	(354, '4', 14, '0', 300, 300, '1', NULL, NULL, NULL, NULL, NULL, NULL),
	(355, '5', 14, '0', 300, 300, '1', NULL, NULL, NULL, NULL, NULL, NULL),
	(356, '6', 14, '0', 300, 300, '1', NULL, NULL, NULL, NULL, NULL, NULL),
	(357, '7', 14, '0', 300, 300, '1', NULL, NULL, NULL, NULL, NULL, NULL),
	(358, '8', 14, '0', 300, 300, '1', NULL, NULL, NULL, NULL, NULL, NULL),
	(359, '9', 14, '0', 300, 300, '1', NULL, NULL, NULL, NULL, NULL, NULL),
	(360, '10', 14, '0', 300, 300, '1', NULL, NULL, NULL, NULL, NULL, NULL),
	(361, '11', 14, '0', 300, 300, '1', NULL, NULL, NULL, NULL, NULL, NULL),
	(362, '12', 14, '0', 300, 300, '1', NULL, NULL, NULL, NULL, NULL, NULL),
	(363, '13', 14, '0', 300, 300, '1', NULL, NULL, NULL, NULL, NULL, NULL),
	(364, '14', 14, '0', 300, 300, '1', NULL, NULL, NULL, NULL, NULL, NULL),
	(365, '15', 14, '0', 300, 300, '1', NULL, NULL, NULL, NULL, NULL, NULL),
	(366, '16', 14, '0', 300, 300, '1', NULL, NULL, NULL, NULL, NULL, NULL),
	(367, '17', 14, '0', 300, 300, '1', NULL, NULL, NULL, NULL, NULL, NULL),
	(368, '18', 14, '0', 300, 300, '1', NULL, NULL, NULL, NULL, NULL, NULL),
	(369, '19', 14, '0', 300, 300, '1', NULL, NULL, NULL, NULL, NULL, NULL),
	(370, '20', 14, '0', 300, 300, '1', NULL, NULL, NULL, NULL, NULL, NULL),
	(371, '21', 14, '0', 300, 300, '1', NULL, NULL, NULL, NULL, NULL, NULL),
	(372, '22', 14, '0', 300, 300, '1', NULL, NULL, NULL, NULL, NULL, NULL),
	(373, '23', 14, '0', 300, 300, '1', NULL, NULL, NULL, NULL, NULL, NULL),
	(374, '24', 14, '0', 300, 300, '1', NULL, NULL, NULL, NULL, NULL, NULL),
	(375, '25', 14, '0', 300, 300, '1', NULL, NULL, NULL, NULL, NULL, NULL),
	(376, '26', 14, '0', 300, 300, '1', NULL, NULL, NULL, NULL, NULL, NULL),
	(377, '27', 14, '0', 300, 300, '1', NULL, NULL, NULL, NULL, NULL, NULL),
	(378, '28', 14, '0', 300, 300, '1', NULL, NULL, NULL, NULL, NULL, NULL),
	(379, '29', 14, '0', 300, 300, '1', NULL, NULL, NULL, NULL, NULL, NULL),
	(380, '30', 14, '0', 300, 300, '1', NULL, NULL, NULL, NULL, NULL, NULL),
	(381, '31', 14, '0', 300, 300, '1', NULL, NULL, NULL, NULL, NULL, NULL),
	(382, '32', 14, '0', 300, 300, '1', NULL, NULL, NULL, NULL, NULL, NULL),
	(383, '1', 15, '0', 600, 600, '1', NULL, NULL, NULL, NULL, NULL, NULL),
	(384, '2', 15, '0', 600, 600, '1', NULL, NULL, NULL, NULL, NULL, NULL),
	(385, '3', 15, '0', 300, 300, '1', NULL, NULL, NULL, NULL, NULL, NULL),
	(386, '4', 15, '0', 300, 300, '1', NULL, NULL, NULL, NULL, NULL, NULL),
	(387, '5', 15, '0', 300, 300, '1', NULL, NULL, NULL, NULL, NULL, NULL),
	(388, '6', 15, '0', 300, 300, '1', NULL, NULL, NULL, NULL, NULL, NULL),
	(389, '7', 15, '0', 600, 600, '1', NULL, NULL, NULL, NULL, NULL, NULL),
	(390, '8', 15, '0', 600, 600, '1', NULL, NULL, NULL, NULL, NULL, NULL),
	(391, '9', 15, '0', 600, 600, '1', NULL, NULL, NULL, NULL, NULL, NULL),
	(392, '10', 15, '0', 300, 300, '1', NULL, NULL, NULL, NULL, NULL, NULL),
	(393, '11', 15, '0', 600, 600, '1', NULL, NULL, NULL, NULL, NULL, NULL),
	(394, '2', 16, '0', 200, 200, '1', NULL, NULL, NULL, NULL, NULL, NULL),
	(395, '3', 16, '0', 200, 200, '1', NULL, NULL, NULL, NULL, NULL, NULL),
	(396, '4', 16, '0', 200, 200, '1', NULL, NULL, NULL, NULL, NULL, NULL),
	(397, '5', 16, '0', 200, 200, '1', NULL, NULL, NULL, NULL, NULL, NULL),
	(398, '6', 16, '0', 200, 200, '1', NULL, NULL, NULL, NULL, NULL, NULL),
	(399, '7', 16, '0', 200, 200, '1', NULL, NULL, NULL, NULL, NULL, NULL),
	(400, '8', 16, '0', 200, 200, '1', NULL, NULL, NULL, NULL, NULL, NULL),
	(401, '9', 16, '0', 200, 200, '1', NULL, NULL, NULL, NULL, NULL, NULL),
	(402, '10', 16, '0', 200, 200, '1', NULL, NULL, NULL, NULL, NULL, NULL),
	(403, '11', 16, '0', 200, 200, '1', NULL, NULL, NULL, NULL, NULL, NULL),
	(404, '12', 16, '0', 200, 200, '1', NULL, NULL, NULL, NULL, NULL, NULL),
	(405, '13', 16, '0', 200, 200, '1', NULL, NULL, NULL, NULL, NULL, NULL),
	(406, '14', 16, '0', 200, 200, '1', NULL, NULL, NULL, NULL, NULL, NULL),
	(407, '15', 16, '0', 200, 200, '1', NULL, NULL, NULL, NULL, NULL, NULL),
	(408, '16', 16, '0', 200, 200, '1', NULL, NULL, NULL, NULL, NULL, NULL),
	(409, '17', 16, '0', 200, 200, '1', NULL, NULL, NULL, NULL, NULL, NULL),
	(410, '18', 16, '0', 200, 200, '1', NULL, NULL, NULL, NULL, NULL, NULL),
	(411, '19', 16, '0', 200, 200, '1', NULL, NULL, NULL, NULL, NULL, NULL),
	(412, '20', 16, '0', 200, 200, '1', NULL, NULL, NULL, NULL, NULL, NULL),
	(413, '21', 16, '0', 200, 200, '1', NULL, NULL, NULL, NULL, NULL, NULL),
	(414, '22', 16, '0', 200, 200, '1', NULL, NULL, NULL, NULL, NULL, NULL),
	(415, '23', 16, '0', 200, 200, '1', NULL, NULL, NULL, NULL, NULL, NULL),
	(416, '24', 16, '0', 200, 200, '1', NULL, NULL, NULL, NULL, NULL, NULL),
	(417, '25', 16, '0', 200, 200, '1', NULL, NULL, NULL, NULL, NULL, NULL),
	(418, '26', 16, '0', 200, 200, '1', NULL, NULL, NULL, NULL, NULL, NULL),
	(419, '27', 16, '0', 200, 200, '1', NULL, NULL, NULL, NULL, NULL, NULL),
	(420, '28', 16, '0', 200, 200, '1', NULL, NULL, NULL, NULL, NULL, NULL),
	(421, '29', 16, '0', 200, 200, '1', NULL, NULL, NULL, NULL, NULL, NULL),
	(422, '30', 16, '0', 200, 200, '1', NULL, NULL, NULL, NULL, NULL, NULL),
	(423, '31', 16, '0', 200, 200, '1', NULL, NULL, NULL, NULL, NULL, NULL),
	(424, '32', 16, '0', 200, 200, '1', NULL, NULL, NULL, NULL, NULL, NULL),
	(425, '33', 16, '0', 200, 200, '1', NULL, NULL, NULL, NULL, NULL, NULL),
	(426, '34', 16, '0', 200, 200, '1', NULL, NULL, NULL, NULL, NULL, NULL),
	(427, '35', 16, '0', 200, 200, '1', NULL, NULL, NULL, NULL, NULL, NULL),
	(428, '36', 16, '0', 200, 200, '1', NULL, NULL, NULL, NULL, NULL, NULL),
	(429, '37', 16, '0', 200, 200, '1', NULL, NULL, NULL, NULL, NULL, NULL),
	(430, '38', 16, '0', 200, 200, '1', NULL, NULL, NULL, NULL, NULL, NULL),
	(431, '39', 16, '0', 200, 200, '1', NULL, NULL, NULL, NULL, NULL, NULL),
	(432, '40', 16, '0', 200, 200, '1', NULL, NULL, NULL, NULL, NULL, NULL),
	(433, '41', 16, '0', 200, 200, '1', NULL, NULL, NULL, NULL, NULL, NULL),
	(434, '42', 16, '0', 200, 200, '1', NULL, NULL, NULL, NULL, NULL, NULL),
	(435, '43', 16, '0', 200, 200, '1', NULL, NULL, NULL, NULL, NULL, NULL),
	(436, '44', 16, '0', 200, 200, '1', NULL, NULL, NULL, NULL, NULL, NULL),
	(437, '45', 16, '0', 200, 200, '1', NULL, NULL, NULL, NULL, NULL, NULL),
	(438, '46', 16, '0', 200, 200, '1', NULL, NULL, NULL, NULL, NULL, NULL),
	(439, '47', 16, '0', 200, 200, '1', NULL, NULL, NULL, NULL, NULL, NULL),
	(440, '48', 16, '0', 200, 200, '1', NULL, NULL, NULL, NULL, NULL, NULL),
	(441, '49', 16, '0', 200, 200, '1', NULL, NULL, NULL, NULL, NULL, NULL),
	(442, '50', 16, '0', 200, 200, '1', NULL, NULL, NULL, NULL, NULL, NULL),
	(443, '51', 16, '0', 200, 200, '1', NULL, NULL, NULL, NULL, NULL, NULL),
	(444, '52', 16, '0', 200, 200, '1', NULL, NULL, NULL, NULL, NULL, NULL),
	(445, '53', 16, '0', 200, 200, '1', NULL, NULL, NULL, NULL, NULL, NULL),
	(446, '54', 16, '0', 200, 200, '1', NULL, NULL, NULL, NULL, NULL, NULL),
	(447, '55', 16, '0', 200, 200, '1', NULL, NULL, NULL, NULL, NULL, NULL),
	(448, '56', 16, '0', 200, 200, '1', NULL, NULL, NULL, NULL, NULL, NULL),
	(449, '57', 16, '0', 200, 200, '1', NULL, NULL, NULL, NULL, NULL, NULL),
	(450, '58', 16, '0', 200, 200, '1', NULL, NULL, NULL, NULL, NULL, NULL),
	(451, '59', 16, '0', 200, 200, '1', NULL, NULL, NULL, NULL, NULL, NULL),
	(452, '60', 16, '0', 200, 200, '1', NULL, NULL, NULL, NULL, NULL, NULL),
	(453, '1', 16, '0', 500, 500, '1', NULL, NULL, NULL, NULL, NULL, NULL),
	(454, '2', 16, '0', 500, 500, '1', NULL, NULL, NULL, NULL, NULL, NULL),
	(455, '3', 16, '0', 500, 500, '1', NULL, NULL, NULL, NULL, NULL, NULL),
	(456, '4', 16, '0', 500, 500, '1', NULL, NULL, NULL, NULL, NULL, NULL),
	(457, '5', 16, '0', 500, 500, '1', NULL, NULL, NULL, NULL, NULL, NULL),
	(458, '6', 16, '0', 500, 500, '1', NULL, NULL, NULL, NULL, NULL, NULL),
	(459, '7', 16, '0', 800, 800, '1', NULL, NULL, NULL, NULL, NULL, NULL),
	(460, '1', 17, '0', 200, 200, '1', NULL, NULL, NULL, NULL, NULL, NULL),
	(461, '2', 17, '0', 200, 200, '1', NULL, NULL, NULL, NULL, NULL, NULL),
	(462, '3', 17, '0', 200, 200, '1', NULL, NULL, NULL, NULL, NULL, NULL),
	(463, '4', 17, '0', 200, 200, '1', NULL, NULL, NULL, NULL, NULL, NULL),
	(464, '5', 17, '0', 200, 200, '1', NULL, NULL, NULL, NULL, NULL, NULL),
	(465, '6', 17, '0', 200, 200, '1', NULL, NULL, NULL, NULL, NULL, NULL),
	(466, '7', 17, '0', 200, 200, '1', NULL, NULL, NULL, NULL, NULL, NULL),
	(467, '8', 17, '0', 200, 200, '1', NULL, NULL, NULL, NULL, NULL, NULL),
	(468, '9', 17, '0', 200, 200, '1', NULL, NULL, NULL, NULL, NULL, NULL),
	(469, '10', 17, '0', 200, 200, '1', NULL, NULL, NULL, NULL, NULL, NULL),
	(470, '11', 17, '0', 200, 200, '1', NULL, NULL, NULL, NULL, NULL, NULL),
	(471, '12', 17, '0', 200, 200, '1', NULL, NULL, NULL, NULL, NULL, NULL),
	(472, '13', 17, '0', 200, 200, '1', NULL, NULL, NULL, NULL, NULL, NULL),
	(473, '14', 17, '0', 200, 200, '1', NULL, NULL, NULL, NULL, NULL, NULL),
	(474, '15', 17, '0', 200, 200, '1', NULL, NULL, NULL, NULL, NULL, NULL),
	(475, '16', 17, '0', 200, 200, '1', NULL, NULL, NULL, NULL, NULL, NULL),
	(476, '17', 17, '0', 200, 200, '1', NULL, NULL, NULL, NULL, NULL, NULL),
	(477, '18', 17, '0', 200, 200, '1', NULL, NULL, NULL, NULL, NULL, NULL),
	(478, '19', 17, '0', 200, 200, '1', NULL, NULL, NULL, NULL, NULL, NULL),
	(479, '20', 17, '0', 200, 200, '1', NULL, NULL, NULL, NULL, NULL, NULL),
	(480, '21', 17, '0', 200, 200, '1', NULL, NULL, NULL, NULL, NULL, NULL),
	(481, '22', 17, '0', 200, 200, '1', NULL, NULL, NULL, NULL, NULL, NULL),
	(482, '23', 17, '0', 200, 200, '1', NULL, NULL, NULL, NULL, NULL, NULL);
/*!40000 ALTER TABLE `rooms` ENABLE KEYS */;


-- Dumping structure for table yg_temple.update_history_details
CREATE TABLE IF NOT EXISTS `update_history_details` (
  `id` int(11) NOT NULL AUTO_INCREMENT,
  `update_history_main_id` int(11) NOT NULL,
  `field_name` varchar(100) DEFAULT NULL,
  `old_value` varchar(100) DEFAULT NULL,
  `new_value` varchar(100) DEFAULT NULL,
  PRIMARY KEY (`id`),
  KEY `update_history_main_id` (`update_history_main_id`),
  CONSTRAINT `update_history_details_ibfk_1` FOREIGN KEY (`update_history_main_id`) REFERENCES `update_history_main` (`id`) ON DELETE CASCADE ON UPDATE CASCADE
) ENGINE=InnoDB DEFAULT CHARSET=latin1;

-- Dumping data for table yg_temple.update_history_details: ~0 rows (approximately)
DELETE FROM `update_history_details`;
/*!40000 ALTER TABLE `update_history_details` DISABLE KEYS */;
/*!40000 ALTER TABLE `update_history_details` ENABLE KEYS */;


-- Dumping structure for table yg_temple.update_history_details_php
CREATE TABLE IF NOT EXISTS `update_history_details_php` (
  `id` int(11) NOT NULL AUTO_INCREMENT,
  `update_history_main_php_id` int(11) NOT NULL,
  `field_name` varchar(100) DEFAULT NULL,
  `old_value` varchar(100) DEFAULT NULL,
  `new_value` varchar(100) DEFAULT NULL,
  PRIMARY KEY (`id`),
  KEY `update_history_main_php_id` (`update_history_main_php_id`),
  CONSTRAINT `update_history_details_php_ibfk_1` FOREIGN KEY (`update_history_main_php_id`) REFERENCES `update_history_main_php` (`id`) ON DELETE CASCADE ON UPDATE CASCADE
) ENGINE=InnoDB AUTO_INCREMENT=1114 DEFAULT CHARSET=latin1;

-- Dumping data for table yg_temple.update_history_details_php: ~1,044 rows (approximately)
DELETE FROM `update_history_details_php`;
/*!40000 ALTER TABLE `update_history_details_php` DISABLE KEYS */;
INSERT INTO `update_history_details_php` (`id`, `update_history_main_php_id`, `field_name`, `old_value`, `new_value`) VALUES
	(1, 276, 'application_id', '', '11'),
	(2, 276, 'applicant_name', '', 'Naren'),
	(3, 276, 'phone_no', '', '9999999999'),
	(4, 276, 'applicant_address', '', 'hyd'),
	(5, 276, 'address_proof', '', 'aa'),
	(6, 276, 'vip_quota', '', '0'),
	(7, 276, 'vip_ref_by', '', ''),
	(8, 276, 'no_of_persons', '', '3'),
	(9, 276, 'created_by', '', '4'),
	(10, 276, 'created_date', '', '2012-11-20 22:36:51'),
	(11, 276, 'modified_by', '', '4'),
	(12, 276, 'modified_date', '', '2012-11-20 22:36:51'),
	(13, 276, 'ipaddress', '', '127.0.0.1'),
	(14, 277, 'application_details_id', '', '1'),
	(15, 277, 'blocks_id', '', '1'),
	(16, 277, 'rooms_id', '', '5'),
	(17, 277, 'from_date', '', '2012-11-20 22:36:51'),
	(18, 277, 'to_date', '', '2012-11-21 22:36:51'),
	(19, 277, 'checkout_date', '', '2012-11-21 22:36:51'),
	(20, 277, 'no_of_days', '', '1'),
	(21, 277, 'booking_type', '', '1'),
	(22, 277, 'created_by', '', '4'),
	(23, 277, 'created_date', '', '2012-11-20 22:36:51'),
	(24, 277, 'modified_by', '', '4'),
	(25, 277, 'modified_date', '', '2012-11-20 22:36:51'),
	(26, 277, 'ipaddress', '', '127.0.0.1'),
	(27, 278, 'application_details_id', '', '1'),
	(28, 278, 'deposit_amt', '', '250'),
	(29, 278, 'rent_amount', '', '250'),
	(30, 278, 'advance_amount', '', '0'),
	(31, 278, 'total_amount_paid', '', '500'),
	(32, 278, 'received_by', '', '4'),
	(33, 278, 'received_date', '', '2012-11-20 22:36:51'),
	(34, 278, 'modified_by', '', '4'),
	(35, 278, 'modified_date', '', '2012-11-20 22:36:51'),
	(36, 278, 'ipaddress', '', '127.0.0.1'),
	(37, 279, 'application_id', '', '12'),
	(38, 279, 'applicant_name', '', 'ddd'),
	(39, 279, 'phone_no', '', '4444444444'),
	(40, 279, 'applicant_address', '', 'eee'),
	(41, 279, 'address_proof', '', 'e'),
	(42, 279, 'vip_quota', '', '0'),
	(43, 279, 'vip_ref_by', '', ''),
	(44, 279, 'no_of_persons', '', '2'),
	(45, 279, 'created_by', '', '4'),
	(46, 279, 'created_date', '', '2012-11-20 22:38:46'),
	(47, 279, 'modified_by', '', '4'),
	(48, 279, 'modified_date', '', '2012-11-20 22:38:46'),
	(49, 279, 'ipaddress', '', '127.0.0.1'),
	(50, 280, 'application_details_id', '', '2'),
	(51, 280, 'blocks_id', '', '1'),
	(52, 280, 'rooms_id', '', '6'),
	(53, 280, 'from_date', '', '2012-11-20 22:38:46'),
	(54, 280, 'to_date', '', '2012-11-21 22:38:46'),
	(55, 280, 'checkout_date', '', '2012-11-21 22:38:46'),
	(56, 280, 'no_of_days', '', '1'),
	(57, 280, 'booking_type', '', '1'),
	(58, 280, 'created_by', '', '4'),
	(59, 280, 'created_date', '', '2012-11-20 22:38:46'),
	(60, 280, 'modified_by', '', '4'),
	(61, 280, 'modified_date', '', '2012-11-20 22:38:46'),
	(62, 280, 'ipaddress', '', '127.0.0.1'),
	(63, 281, 'application_details_id', '', '2'),
	(64, 281, 'deposit_amt', '', '250'),
	(65, 281, 'rent_amount', '', '250'),
	(66, 281, 'advance_amount', '', '0'),
	(67, 281, 'total_amount_paid', '', '500'),
	(68, 281, 'received_by', '', '4'),
	(69, 281, 'received_date', '', '2012-11-20 22:38:46'),
	(70, 281, 'modified_by', '', '4'),
	(71, 281, 'modified_date', '', '2012-11-20 22:38:46'),
	(72, 281, 'ipaddress', '', '127.0.0.1'),
	(73, 282, 'application_id', '', '123'),
	(74, 282, 'applicant_name', '', 'Kumar'),
	(75, 282, 'phone_no', '', '9999999999'),
	(76, 282, 'applicant_address', '', 'hyd'),
	(77, 282, 'address_proof', '', 'driving lic'),
	(78, 282, 'vip_quota', '', '0'),
	(79, 282, 'vip_ref_by', '', ''),
	(80, 282, 'no_of_persons', '', '4'),
	(81, 282, 'created_by', '', '4'),
	(82, 282, 'created_date', '', '2013-08-15 10:31:51'),
	(83, 282, 'modified_by', '', '4'),
	(84, 282, 'modified_date', '', '2013-08-15 10:31:51'),
	(85, 282, 'ipaddress', '', '127.0.0.1'),
	(86, 283, 'application_details_id', '', '3'),
	(87, 283, 'blocks_id', '', '1'),
	(88, 283, 'rooms_id', '', '5'),
	(89, 283, 'from_date', '', '2013-08-15 10:31:51'),
	(90, 283, 'to_date', '', '2013-08-16 10:31:51'),
	(91, 283, 'checkout_date', '', '2013-08-16 10:31:51'),
	(92, 283, 'no_of_days', '', '1'),
	(93, 283, 'booking_type', '', '1'),
	(94, 283, 'created_by', '', '4'),
	(95, 283, 'created_date', '', '2013-08-15 10:31:51'),
	(96, 283, 'modified_by', '', '4'),
	(97, 283, 'modified_date', '', '2013-08-15 10:31:51'),
	(98, 283, 'ipaddress', '', '127.0.0.1'),
	(99, 284, 'application_details_id', '', '3'),
	(100, 284, 'deposit_amt', '', '250'),
	(101, 284, 'rent_amount', '', '250'),
	(102, 284, 'advance_amount', '', '0'),
	(103, 284, 'total_amount_paid', '', '500'),
	(104, 284, 'received_by', '', '4'),
	(105, 284, 'received_date', '', '2013-08-15 10:31:51'),
	(106, 284, 'modified_by', '', '4'),
	(107, 284, 'modified_date', '', '2013-08-15 10:31:51'),
	(108, 284, 'ipaddress', '', '127.0.0.1'),
	(109, 285, 'application_id', '', '211'),
	(110, 285, 'applicant_name', '', 'k1'),
	(111, 285, 'phone_no', '', '9999999999'),
	(112, 285, 'applicant_address', '', 'hyd'),
	(113, 285, 'address_proof', '', 'ddd'),
	(114, 285, 'vip_quota', '', '0'),
	(115, 285, 'vip_ref_by', '', ''),
	(116, 285, 'no_of_persons', '', '5'),
	(117, 285, 'created_by', '', '4'),
	(118, 285, 'created_date', '', '2013-08-15 10:36:45'),
	(119, 285, 'modified_by', '', '4'),
	(120, 285, 'modified_date', '', '2013-08-15 10:36:45'),
	(121, 285, 'ipaddress', '', '127.0.0.1'),
	(122, 286, 'application_details_id', '', '4'),
	(123, 286, 'blocks_id', '', '1'),
	(124, 286, 'rooms_id', '', '6'),
	(125, 286, 'from_date', '', '2013-08-15 10:36:45'),
	(126, 286, 'to_date', '', '2013-08-16 10:36:45'),
	(127, 286, 'checkout_date', '', '2013-08-16 10:36:45'),
	(128, 286, 'no_of_days', '', '1'),
	(129, 286, 'booking_type', '', '1'),
	(130, 286, 'created_by', '', '4'),
	(131, 286, 'created_date', '', '2013-08-15 10:36:45'),
	(132, 286, 'modified_by', '', '4'),
	(133, 286, 'modified_date', '', '2013-08-15 10:36:45'),
	(134, 286, 'ipaddress', '', '127.0.0.1'),
	(135, 287, 'application_details_id', '', '4'),
	(136, 287, 'deposit_amt', '', '250'),
	(137, 287, 'rent_amount', '', '250'),
	(138, 287, 'advance_amount', '', '0'),
	(139, 287, 'total_amount_paid', '', '500'),
	(140, 287, 'received_by', '', '4'),
	(141, 287, 'received_date', '', '2013-08-15 10:36:45'),
	(142, 287, 'modified_by', '', '4'),
	(143, 287, 'modified_date', '', '2013-08-15 10:36:45'),
	(144, 287, 'ipaddress', '', '127.0.0.1'),
	(145, 288, 'to_date', '2013-08-16 10:31:51', '2013-08-15 10:39:22'),
	(146, 288, 'booked_status', '1', '0'),
	(147, 288, 'modified_date', '2013-08-15 10:31:51', '2013-08-15 10:39:22'),
	(148, 289, 'receipt_id', '', '3'),
	(149, 289, 'deposit_refund_amount', '', '150'),
	(150, 289, 'damage_amount', '', '100'),
	(151, 289, 'deposit_refund_by', '', '4'),
	(152, 289, 'deposit_refund_date', '', '2013-08-15 10:39:22'),
	(153, 289, 'modified_by', '', '4'),
	(154, 289, 'modified_date', '', '2013-08-15 10:39:22'),
	(155, 289, 'ipaddress', '', '127.0.0.1'),
	(156, 290, 'application_id', '', '111'),
	(157, 290, 'applicant_name', '', 'kkk'),
	(158, 290, 'phone_no', '', '9999999999'),
	(159, 290, 'applicant_address', '', 'hyd'),
	(160, 290, 'address_proof', '', 'ddd'),
	(161, 290, 'vip_quota', '', '0'),
	(162, 290, 'vip_ref_by', '', ''),
	(163, 290, 'no_of_persons', '', '3'),
	(164, 290, 'created_by', '', '4'),
	(165, 290, 'created_date', '', '2013-08-15 10:48:59'),
	(166, 290, 'modified_by', '', '4'),
	(167, 290, 'modified_date', '', '2013-08-15 10:48:59'),
	(168, 290, 'ipaddress', '', '127.0.0.1'),
	(169, 291, 'application_details_id', '', '5'),
	(170, 291, 'blocks_id', '', '2'),
	(171, 291, 'rooms_id', '', '33'),
	(172, 291, 'from_date', '', '2013-08-15 10:48:59'),
	(173, 291, 'to_date', '', '2013-08-16 10:48:59'),
	(174, 291, 'checkout_date', '', '2013-08-16 10:48:59'),
	(175, 291, 'no_of_days', '', '1'),
	(176, 291, 'booking_type', '', '1'),
	(177, 291, 'created_by', '', '4'),
	(178, 291, 'created_date', '', '2013-08-15 10:48:59'),
	(179, 291, 'modified_by', '', '4'),
	(180, 291, 'modified_date', '', '2013-08-15 10:48:59'),
	(181, 291, 'ipaddress', '', '127.0.0.1'),
	(182, 292, 'application_details_id', '', '5'),
	(183, 292, 'deposit_amt', '', '150'),
	(184, 292, 'rent_amount', '', '150'),
	(185, 292, 'advance_amount', '', '0'),
	(186, 292, 'total_amount_paid', '', '300'),
	(187, 292, 'received_by', '', '4'),
	(188, 292, 'received_date', '', '2013-08-15 10:48:59'),
	(189, 292, 'modified_by', '', '4'),
	(190, 292, 'modified_date', '', '2013-08-15 10:48:59'),
	(191, 292, 'ipaddress', '', '127.0.0.1'),
	(192, 293, 'status', '1', '0'),
	(193, 293, 'modified_date', '2012-11-04 07:43:22', '2013-08-15 05:42:10'),
	(194, 294, 'status', '0', '1'),
	(195, 294, 'modified_date', '2013-08-15 05:42:10', '2013-08-15 05:42:50'),
	(196, 295, 'status', '1', '0'),
	(197, 295, 'reason', '', 'renovation'),
	(198, 295, 'modified_by', '', '1'),
	(199, 295, 'modified_date', '', '2013-08-15 05:43:25'),
	(200, 295, 'ipaddress', '', '127.0.0.1'),
	(201, 296, 'status', '1', '0'),
	(202, 296, 'modified_by', '', '1'),
	(203, 296, 'modified_date', '', '2013-08-15 05:44:01'),
	(204, 296, 'ipaddress', '', '127.0.0.1'),
	(205, 297, 'status', '0', '1'),
	(206, 297, 'modified_date', '2013-08-15 05:43:25', '2013-08-15 05:45:10'),
	(207, 298, 'status', '0', '1'),
	(208, 298, 'modified_date', '2013-08-15 05:44:01', '2013-08-15 05:45:31'),
	(209, 299, 'application_id', '', '1'),
	(210, 299, 'applicant_name', '', 'rajashekar'),
	(211, 299, 'phone_no', '', '9898989898'),
	(212, 299, 'applicant_address', '', 'hyd'),
	(213, 299, 'address_proof', '', 'akkdfjkdfjksd'),
	(214, 299, 'vip_quota', '', '0'),
	(215, 299, 'vip_ref_by', '', ''),
	(216, 299, 'no_of_persons', '', '4'),
	(217, 299, 'created_by', '', '4'),
	(218, 299, 'created_date', '', '2013-08-25 14:32:06'),
	(219, 299, 'modified_by', '', '4'),
	(220, 299, 'modified_date', '', '2013-08-25 14:32:06'),
	(221, 299, 'ipaddress', '', '127.0.0.1'),
	(222, 300, 'application_details_id', '', '6'),
	(223, 300, 'blocks_id', '', '1'),
	(224, 300, 'rooms_id', '', '10'),
	(225, 300, 'from_date', '', '2013-08-25 14:32:06'),
	(226, 300, 'to_date', '', '2013-08-26 14:32:06'),
	(227, 300, 'checkout_date', '', '2013-08-26 14:32:06'),
	(228, 300, 'no_of_days', '', '1'),
	(229, 300, 'booking_type', '', '1'),
	(230, 300, 'created_by', '', '4'),
	(231, 300, 'created_date', '', '2013-08-25 14:32:06'),
	(232, 300, 'modified_by', '', '4'),
	(233, 300, 'modified_date', '', '2013-08-25 14:32:06'),
	(234, 300, 'ipaddress', '', '127.0.0.1'),
	(235, 301, 'application_details_id', '', '6'),
	(236, 301, 'deposit_amt', '', '250'),
	(237, 301, 'rent_amount', '', '250'),
	(238, 301, 'advance_amount', '', '0'),
	(239, 301, 'total_amount_paid', '', '500'),
	(240, 301, 'received_by', '', '4'),
	(241, 301, 'received_date', '', '2013-08-25 14:32:06'),
	(242, 301, 'modified_by', '', '4'),
	(243, 301, 'modified_date', '', '2013-08-25 14:32:06'),
	(244, 301, 'ipaddress', '', '127.0.0.1'),
	(245, 302, 'application_id', '', '2'),
	(246, 302, 'applicant_name', '', 'test'),
	(247, 302, 'phone_no', '', '878787878'),
	(248, 302, 'applicant_address', '', 'sadf'),
	(249, 302, 'address_proof', '', 'asdf'),
	(250, 302, 'vip_quota', '', '0'),
	(251, 302, 'vip_ref_by', '', ''),
	(252, 302, 'no_of_persons', '', '3'),
	(253, 302, 'created_by', '', '4'),
	(254, 302, 'created_date', '', '2013-08-25 14:33:42'),
	(255, 302, 'modified_by', '', '4'),
	(256, 302, 'modified_date', '', '2013-08-25 14:33:42'),
	(257, 302, 'ipaddress', '', '127.0.0.1'),
	(258, 303, 'application_details_id', '', '7'),
	(259, 303, 'blocks_id', '', '1'),
	(260, 303, 'rooms_id', '', '12'),
	(261, 303, 'from_date', '', '2013-08-25 14:33:42'),
	(262, 303, 'to_date', '', '2013-08-26 14:33:42'),
	(263, 303, 'checkout_date', '', '2013-08-26 14:33:42'),
	(264, 303, 'no_of_days', '', '1'),
	(265, 303, 'booking_type', '', '1'),
	(266, 303, 'created_by', '', '4'),
	(267, 303, 'created_date', '', '2013-08-25 14:33:42'),
	(268, 303, 'modified_by', '', '4'),
	(269, 303, 'modified_date', '', '2013-08-25 14:33:42'),
	(270, 303, 'ipaddress', '', '127.0.0.1'),
	(271, 304, 'application_details_id', '', '7'),
	(272, 304, 'deposit_amt', '', '250'),
	(273, 304, 'rent_amount', '', '250'),
	(274, 304, 'advance_amount', '', '0'),
	(275, 304, 'total_amount_paid', '', '500'),
	(276, 304, 'received_by', '', '4'),
	(277, 304, 'received_date', '', '2013-08-25 14:33:42'),
	(278, 304, 'modified_by', '', '4'),
	(279, 304, 'modified_date', '', '2013-08-25 14:33:42'),
	(280, 304, 'ipaddress', '', '127.0.0.1'),
	(281, 305, 'to_date', '2013-08-26 14:32:06', '2013-08-25 14:36:09'),
	(282, 305, 'booked_status', '1', '0'),
	(283, 305, 'modified_date', '2013-08-25 14:32:06', '2013-08-25 14:36:09'),
	(284, 306, 'receipt_id', '', '6'),
	(285, 306, 'deposit_refund_amount', '', '150'),
	(286, 306, 'damage_amount', '', '100'),
	(287, 306, 'deposit_refund_by', '', '4'),
	(288, 306, 'deposit_refund_date', '', '2013-08-25 14:36:09'),
	(289, 306, 'modified_by', '', '4'),
	(290, 306, 'modified_date', '', '2013-08-25 14:36:09'),
	(291, 306, 'ipaddress', '', '127.0.0.1'),
	(292, 307, 'application_id', '', '3'),
	(293, 307, 'applicant_name', '', 'test'),
	(294, 307, 'phone_no', '', '343434343'),
	(295, 307, 'applicant_address', '', 'test'),
	(296, 307, 'address_proof', '', 'test'),
	(297, 307, 'vip_quota', '', '0'),
	(298, 307, 'vip_ref_by', '', ''),
	(299, 307, 'no_of_persons', '', '4'),
	(300, 307, 'created_by', '', '4'),
	(301, 307, 'created_date', '', '2013-08-25 14:37:44'),
	(302, 307, 'modified_by', '', '4'),
	(303, 307, 'modified_date', '', '2013-08-25 14:37:44'),
	(304, 307, 'ipaddress', '', '127.0.0.1'),
	(305, 308, 'application_details_id', '', '8'),
	(306, 308, 'blocks_id', '', '3'),
	(307, 308, 'rooms_id', '', '161'),
	(308, 308, 'from_date', '', '2013-08-25 14:37:44'),
	(309, 308, 'to_date', '', '2013-08-26 14:37:44'),
	(310, 308, 'checkout_date', '', '2013-08-26 14:37:44'),
	(311, 308, 'no_of_days', '', '1'),
	(312, 308, 'booking_type', '', '1'),
	(313, 308, 'created_by', '', '4'),
	(314, 308, 'created_date', '', '2013-08-25 14:37:44'),
	(315, 308, 'modified_by', '', '4'),
	(316, 308, 'modified_date', '', '2013-08-25 14:37:44'),
	(317, 308, 'ipaddress', '', '127.0.0.1'),
	(318, 309, 'application_details_id', '', '8'),
	(319, 309, 'deposit_amt', '', '500'),
	(320, 309, 'rent_amount', '', '500'),
	(321, 309, 'advance_amount', '', '0'),
	(322, 309, 'total_amount_paid', '', '1000'),
	(323, 309, 'received_by', '', '4'),
	(324, 309, 'received_date', '', '2013-08-25 14:37:44'),
	(325, 309, 'modified_by', '', '4'),
	(326, 309, 'modified_date', '', '2013-08-25 14:37:44'),
	(327, 309, 'ipaddress', '', '127.0.0.1'),
	(328, 310, 'deposit_amt', '500', '1000'),
	(329, 310, 'rent_amt', '500', '1000'),
	(330, 310, 'modified_date', '2012-11-04 08:23:10', '2013-08-25 09:17:28'),
	(331, 311, 'id', '', '0'),
	(332, 311, 'name', '', 'nandeeswara complex suits (A/C)'),
	(333, 311, 'status', '', '1'),
	(334, 311, 'created_by', '', '1'),
	(335, 311, 'created_date', '', '2013-08-25 09:27:13'),
	(336, 311, 'modified_by', '', '1'),
	(337, 311, 'modified_date', '', '2013-08-25 09:27:13'),
	(338, 311, 'ipaddress', '', '127.0.0.1'),
	(339, 312, 'id', '', '0'),
	(340, 312, 'name', '', '1'),
	(341, 312, 'blocks_id', '', '9'),
	(342, 312, 'vip_quota', '', '0'),
	(343, 312, 'deposit_amt', '', '2000'),
	(344, 312, 'rent_amt', '', '2000'),
	(345, 312, 'status', '', '1'),
	(346, 312, 'reason', '', ''),
	(347, 312, 'created_by', '', '1'),
	(348, 312, 'created_date', '', '2013-08-25 09:28:58'),
	(349, 312, 'modified_by', '', '1'),
	(350, 312, 'modified_date', '', '2013-08-25 09:28:58'),
	(351, 312, 'ipaddress', '', '127.0.0.1'),
	(352, 313, 'id', '', '0'),
	(353, 313, 'name', '', '1'),
	(354, 313, 'blocks_id', '', '9'),
	(355, 313, 'vip_quota', '', '0'),
	(356, 313, 'deposit_amt', '', '2000'),
	(357, 313, 'rent_amt', '', '2000'),
	(358, 313, 'status', '', '1'),
	(359, 313, 'reason', '', ''),
	(360, 313, 'created_by', '', '1'),
	(361, 313, 'created_date', '', '2013-08-25 09:29:50'),
	(362, 313, 'modified_by', '', '1'),
	(363, 313, 'modified_date', '', '2013-08-25 09:29:50'),
	(364, 313, 'ipaddress', '', '127.0.0.1'),
	(365, 314, 'id', '', '0'),
	(366, 314, 'name', '', '1'),
	(367, 314, 'blocks_id', '', '9'),
	(368, 314, 'vip_quota', '', '0'),
	(369, 314, 'deposit_amt', '', '2000'),
	(370, 314, 'rent_amt', '', '2000'),
	(371, 314, 'status', '', '1'),
	(372, 314, 'reason', '', ''),
	(373, 314, 'created_by', '', '1'),
	(374, 314, 'created_date', '', '2013-08-25 09:30:00'),
	(375, 314, 'modified_by', '', '1'),
	(376, 314, 'modified_date', '', '2013-08-25 09:30:00'),
	(377, 314, 'ipaddress', '', '127.0.0.1'),
	(378, 315, 'id', '', '0'),
	(379, 315, 'name', '', '1'),
	(380, 315, 'blocks_id', '', '9'),
	(381, 315, 'vip_quota', '', '0'),
	(382, 315, 'deposit_amt', '', '2000'),
	(383, 315, 'rent_amt', '', '2000'),
	(384, 315, 'status', '', '1'),
	(385, 315, 'reason', '', ''),
	(386, 315, 'created_by', '', '1'),
	(387, 315, 'created_date', '', '2013-08-25 09:30:01'),
	(388, 315, 'modified_by', '', '1'),
	(389, 315, 'modified_date', '', '2013-08-25 09:30:01'),
	(390, 315, 'ipaddress', '', '127.0.0.1'),
	(391, 316, 'id', '', '0'),
	(392, 316, 'name', '', '1'),
	(393, 316, 'blocks_id', '', '9'),
	(394, 316, 'vip_quota', '', '0'),
	(395, 316, 'deposit_amt', '', '2000'),
	(396, 316, 'rent_amt', '', '2000'),
	(397, 316, 'status', '', '1'),
	(398, 316, 'reason', '', ''),
	(399, 316, 'created_by', '', '1'),
	(400, 316, 'created_date', '', '2013-08-25 09:30:01'),
	(401, 316, 'modified_by', '', '1'),
	(402, 316, 'modified_date', '', '2013-08-25 09:30:01'),
	(403, 316, 'ipaddress', '', '127.0.0.1'),
	(404, 317, 'id', '', '0'),
	(405, 317, 'name', '', '1'),
	(406, 317, 'blocks_id', '', '9'),
	(407, 317, 'vip_quota', '', '0'),
	(408, 317, 'deposit_amt', '', '2000'),
	(409, 317, 'rent_amt', '', '2000'),
	(410, 317, 'status', '', '1'),
	(411, 317, 'reason', '', ''),
	(412, 317, 'created_by', '', '1'),
	(413, 317, 'created_date', '', '2013-08-25 09:30:02'),
	(414, 317, 'modified_by', '', '1'),
	(415, 317, 'modified_date', '', '2013-08-25 09:30:02'),
	(416, 317, 'ipaddress', '', '127.0.0.1'),
	(417, 318, 'id', '', '0'),
	(418, 318, 'name', '', '1'),
	(419, 318, 'blocks_id', '', '9'),
	(420, 318, 'vip_quota', '', '0'),
	(421, 318, 'deposit_amt', '', '2000'),
	(422, 318, 'rent_amt', '', '2000'),
	(423, 318, 'status', '', '1'),
	(424, 318, 'reason', '', ''),
	(425, 318, 'created_by', '', '1'),
	(426, 318, 'created_date', '', '2013-08-25 09:30:02'),
	(427, 318, 'modified_by', '', '1'),
	(428, 318, 'modified_date', '', '2013-08-25 09:30:02'),
	(429, 318, 'ipaddress', '', '127.0.0.1'),
	(430, 319, 'id', '', '0'),
	(431, 319, 'name', '', '1'),
	(432, 319, 'blocks_id', '', '9'),
	(433, 319, 'vip_quota', '', '0'),
	(434, 319, 'deposit_amt', '', '2000'),
	(435, 319, 'rent_amt', '', '2000'),
	(436, 319, 'status', '', '1'),
	(437, 319, 'reason', '', ''),
	(438, 319, 'created_by', '', '1'),
	(439, 319, 'created_date', '', '2013-08-25 09:30:41'),
	(440, 319, 'modified_by', '', '1'),
	(441, 319, 'modified_date', '', '2013-08-25 09:30:41'),
	(442, 319, 'ipaddress', '', '127.0.0.1'),
	(443, 320, 'reason', '', 'aa'),
	(444, 320, 'modified_by', '', '1'),
	(445, 320, 'modified_date', '', '2013-08-25 09:31:07'),
	(446, 320, 'ipaddress', '', '127.0.0.1'),
	(447, 321, 'deposit_amt', '1000', '750'),
	(448, 321, 'rent_amt', '1000', '750'),
	(449, 321, 'modified_date', '2013-08-25 09:17:28', '2013-08-25 09:32:13'),
	(450, 322, 'deposit_amt', '500', '750'),
	(451, 322, 'rent_amt', '500', '750'),
	(452, 322, 'modified_by', '', '1'),
	(453, 322, 'modified_date', '', '2013-08-25 09:34:40'),
	(454, 322, 'ipaddress', '', '127.0.0.1'),
	(455, 323, 'id', '', '0'),
	(456, 323, 'name', '', '1'),
	(457, 323, 'blocks_id', '', '1'),
	(458, 323, 'vip_quota', '', '0'),
	(459, 323, 'deposit_amt', '', '2000'),
	(460, 323, 'rent_amt', '', '2000'),
	(461, 323, 'status', '', '1'),
	(462, 323, 'reason', '', ''),
	(463, 323, 'created_by', '', '1'),
	(464, 323, 'created_date', '', '2013-08-25 09:38:17'),
	(465, 323, 'modified_by', '', '1'),
	(466, 323, 'modified_date', '', '2013-08-25 09:38:17'),
	(467, 323, 'ipaddress', '', '127.0.0.1'),
	(468, 324, 'id', '', '0'),
	(469, 324, 'name', '', '1'),
	(470, 324, 'blocks_id', '', '9'),
	(471, 324, 'vip_quota', '', '0'),
	(472, 324, 'deposit_amt', '', '2000'),
	(473, 324, 'rent_amt', '', '2000'),
	(474, 324, 'status', '', '1'),
	(475, 324, 'reason', '', ''),
	(476, 324, 'created_by', '', '1'),
	(477, 324, 'created_date', '', '2013-08-25 09:38:39'),
	(478, 324, 'modified_by', '', '1'),
	(479, 324, 'modified_date', '', '2013-08-25 09:38:39'),
	(480, 324, 'ipaddress', '', '127.0.0.1'),
	(481, 325, 'id', '', '0'),
	(482, 325, 'name', '', 'test'),
	(483, 325, 'status', '', '1'),
	(484, 325, 'created_by', '', '1'),
	(485, 325, 'created_date', '', '2013-08-25 09:39:10'),
	(486, 325, 'modified_by', '', '1'),
	(487, 325, 'modified_date', '', '2013-08-25 09:39:10'),
	(488, 325, 'ipaddress', '', '127.0.0.1'),
	(489, 326, 'id', '', '0'),
	(490, 326, 'name', '', '100'),
	(491, 326, 'blocks_id', '', '10'),
	(492, 326, 'vip_quota', '', '0'),
	(493, 326, 'deposit_amt', '', '2000'),
	(494, 326, 'rent_amt', '', '2000'),
	(495, 326, 'status', '', '1'),
	(496, 326, 'reason', '', ''),
	(497, 326, 'created_by', '', '1'),
	(498, 326, 'created_date', '', '2013-08-25 09:39:37'),
	(499, 326, 'modified_by', '', '1'),
	(500, 326, 'modified_date', '', '2013-08-25 09:39:37'),
	(501, 326, 'ipaddress', '', '127.0.0.1'),
	(502, 327, 'status', '1', '0'),
	(503, 327, 'modified_date', '2013-08-25 09:27:13', '2013-08-25 09:40:21'),
	(504, 328, 'id', '', '0'),
	(505, 328, 'name', '', 'Nandeeswara Complex Suits (A/C)'),
	(506, 328, 'status', '', '1'),
	(507, 328, 'created_by', '', '1'),
	(508, 328, 'created_date', '', '2013-08-25 09:42:11'),
	(509, 328, 'modified_by', '', '1'),
	(510, 328, 'modified_date', '', '2013-08-25 09:42:11'),
	(511, 328, 'ipaddress', '', '127.0.0.1'),
	(512, 329, 'id', '', '0'),
	(513, 329, 'name', '', '1'),
	(514, 329, 'blocks_id', '', '9'),
	(515, 329, 'vip_quota', '', '0'),
	(516, 329, 'deposit_amt', '', '2000'),
	(517, 329, 'rent_amt', '', '2000'),
	(518, 329, 'status', '', '1'),
	(519, 329, 'reason', '', ''),
	(520, 329, 'created_by', '', '1'),
	(521, 329, 'created_date', '', '2013-08-25 09:42:36'),
	(522, 329, 'modified_by', '', '1'),
	(523, 329, 'modified_date', '', '2013-08-25 09:42:36'),
	(524, 329, 'ipaddress', '', '127.0.0.1'),
	(525, 330, 'name', 'Nandeeswara Complex Suits (A/C)', 'test'),
	(526, 330, 'modified_date', '2013-08-25 09:42:11', '2013-08-25 09:43:22'),
	(527, 331, 'id', '', '0'),
	(528, 331, 'name', '', '1'),
	(529, 331, 'blocks_id', '', '1'),
	(530, 331, 'vip_quota', '', '0'),
	(531, 331, 'deposit_amt', '', '2000'),
	(532, 331, 'rent_amt', '', '2000'),
	(533, 331, 'status', '', '1'),
	(534, 331, 'reason', '', ''),
	(535, 331, 'created_by', '', '1'),
	(536, 331, 'created_date', '', '2013-08-25 09:43:57'),
	(537, 331, 'modified_by', '', '1'),
	(538, 331, 'modified_date', '', '2013-08-25 09:43:57'),
	(539, 331, 'ipaddress', '', '127.0.0.1'),
	(540, 332, 'id', '', '0'),
	(541, 332, 'name', '', '1'),
	(542, 332, 'blocks_id', '', '9'),
	(543, 332, 'vip_quota', '', '0'),
	(544, 332, 'deposit_amt', '', '2000'),
	(545, 332, 'rent_amt', '', '2000'),
	(546, 332, 'status', '', '1'),
	(547, 332, 'reason', '', ''),
	(548, 332, 'created_by', '', '1'),
	(549, 332, 'created_date', '', '2013-08-25 09:44:02'),
	(550, 332, 'modified_by', '', '1'),
	(551, 332, 'modified_date', '', '2013-08-25 09:44:02'),
	(552, 332, 'ipaddress', '', '127.0.0.1'),
	(553, 333, 'id', '', '0'),
	(554, 333, 'name', '', '1'),
	(555, 333, 'blocks_id', '', '9'),
	(556, 333, 'vip_quota', '', '0'),
	(557, 333, 'deposit_amt', '', '2000'),
	(558, 333, 'rent_amt', '', '2000'),
	(559, 333, 'status', '', '1'),
	(560, 333, 'reason', '', ''),
	(561, 333, 'created_by', '', '1'),
	(562, 333, 'created_date', '', '2013-08-25 09:44:02'),
	(563, 333, 'modified_by', '', '1'),
	(564, 333, 'modified_date', '', '2013-08-25 09:44:02'),
	(565, 333, 'ipaddress', '', '127.0.0.1'),
	(566, 334, 'id', '', '0'),
	(567, 334, 'name', '', '1'),
	(568, 334, 'blocks_id', '', '9'),
	(569, 334, 'vip_quota', '', '0'),
	(570, 334, 'deposit_amt', '', '2000'),
	(571, 334, 'rent_amt', '', '2000'),
	(572, 334, 'status', '', '1'),
	(573, 334, 'reason', '', ''),
	(574, 334, 'created_by', '', '1'),
	(575, 334, 'created_date', '', '2013-08-25 09:44:02'),
	(576, 334, 'modified_by', '', '1'),
	(577, 334, 'modified_date', '', '2013-08-25 09:44:02'),
	(578, 334, 'ipaddress', '', '127.0.0.1'),
	(579, 335, 'id', '', '0'),
	(580, 335, 'name', '', '1'),
	(581, 335, 'blocks_id', '', '9'),
	(582, 335, 'vip_quota', '', '0'),
	(583, 335, 'deposit_amt', '', '2000'),
	(584, 335, 'rent_amt', '', '2000'),
	(585, 335, 'status', '', '1'),
	(586, 335, 'reason', '', ''),
	(587, 335, 'created_by', '', '1'),
	(588, 335, 'created_date', '', '2013-08-25 09:44:36'),
	(589, 335, 'modified_by', '', '1'),
	(590, 335, 'modified_date', '', '2013-08-25 09:44:36'),
	(591, 335, 'ipaddress', '', '127.0.0.1'),
	(592, 336, 'application_id', '', '1'),
	(593, 336, 'applicant_name', '', 'rtyyu'),
	(594, 336, 'phone_no', '', '252555'),
	(595, 336, 'applicant_address', '', 'ghiopo'),
	(596, 336, 'address_proof', '', 'ooo'),
	(597, 336, 'vip_quota', '', '0'),
	(598, 336, 'vip_ref_by', '', ''),
	(599, 336, 'no_of_persons', '', '4'),
	(600, 336, 'created_by', '', '4'),
	(601, 336, 'created_date', '', '2013-08-25 15:23:47'),
	(602, 336, 'modified_by', '', '4'),
	(603, 336, 'modified_date', '', '2013-08-25 15:23:47'),
	(604, 336, 'ipaddress', '', '127.0.0.1'),
	(605, 337, 'application_details_id', '', '9'),
	(606, 337, 'blocks_id', '', '1'),
	(607, 337, 'rooms_id', '', '11'),
	(608, 337, 'from_date', '', '2013-08-25 15:23:47'),
	(609, 337, 'to_date', '', '2013-08-26 15:23:47'),
	(610, 337, 'checkout_date', '', '2013-08-26 15:23:47'),
	(611, 337, 'no_of_days', '', '1'),
	(612, 337, 'booking_type', '', '1'),
	(613, 337, 'created_by', '', '4'),
	(614, 337, 'created_date', '', '2013-08-25 15:23:47'),
	(615, 337, 'modified_by', '', '4'),
	(616, 337, 'modified_date', '', '2013-08-25 15:23:47'),
	(617, 337, 'ipaddress', '', '127.0.0.1'),
	(618, 338, 'application_details_id', '', '9'),
	(619, 338, 'deposit_amt', '', '350'),
	(620, 338, 'rent_amount', '', '350'),
	(621, 338, 'advance_amount', '', '0'),
	(622, 338, 'total_amount_paid', '', '700'),
	(623, 338, 'received_by', '', '4'),
	(624, 338, 'received_date', '', '2013-08-25 15:23:47'),
	(625, 338, 'modified_by', '', '4'),
	(626, 338, 'modified_date', '', '2013-08-25 15:23:47'),
	(627, 338, 'ipaddress', '', '127.0.0.1'),
	(628, 339, 'name', 'test', 'Nandeeswara Complex Suits (A/C)'),
	(629, 339, 'modified_date', '2013-08-25 09:43:22', '2013-08-25 10:13:27'),
	(630, 340, 'id', '', '0'),
	(631, 340, 'name', '', '1'),
	(632, 340, 'blocks_id', '', '9'),
	(633, 340, 'vip_quota', '', '0'),
	(634, 340, 'deposit_amt', '', '2000'),
	(635, 340, 'rent_amt', '', '2000'),
	(636, 340, 'status', '', '1'),
	(637, 340, 'reason', '', 'a'),
	(638, 340, 'created_by', '', '1'),
	(639, 340, 'created_date', '', '2013-08-25 10:14:01'),
	(640, 340, 'modified_by', '', '1'),
	(641, 340, 'modified_date', '', '2013-08-25 10:14:01'),
	(642, 340, 'ipaddress', '', '127.0.0.1'),
	(643, 341, 'id', '', '0'),
	(644, 341, 'emp_fname', '', 'operator'),
	(645, 341, 'emp_lname', '', '3'),
	(646, 341, 'emp_id', '', '665'),
	(647, 341, 'user_name', '', 'Kumar'),
	(648, 341, 'password', '', '12345'),
	(649, 341, 'emp_role', '', '4'),
	(650, 341, 'status', '', '1'),
	(651, 341, 'created_by', '', '1'),
	(652, 341, 'created_date', '', '2013-08-25 10:17:08'),
	(653, 341, 'modified_by', '', '1'),
	(654, 341, 'modified_date', '', '2013-08-25 10:17:08'),
	(655, 341, 'ipaddress', '', '127.0.0.1'),
	(656, 342, 'id', '', '0'),
	(657, 342, 'name', '', 'Suit 1'),
	(658, 342, 'blocks_id', '', '9'),
	(659, 342, 'vip_quota', '', '0'),
	(660, 342, 'deposit_amt', '', '2000'),
	(661, 342, 'rent_amt', '', '2000'),
	(662, 342, 'status', '', '1'),
	(663, 342, 'reason', '', ''),
	(664, 342, 'created_by', '', '1'),
	(665, 342, 'created_date', '', '2013-08-25 10:23:46'),
	(666, 342, 'modified_by', '', '1'),
	(667, 342, 'modified_date', '', '2013-08-25 10:23:46'),
	(668, 342, 'ipaddress', '', '127.0.0.1'),
	(669, 343, 'id', '', '0'),
	(670, 343, 'name', '', 'Suit 2'),
	(671, 343, 'blocks_id', '', '9'),
	(672, 343, 'vip_quota', '', '0'),
	(673, 343, 'deposit_amt', '', '2000'),
	(674, 343, 'rent_amt', '', '2000'),
	(675, 343, 'status', '', '1'),
	(676, 343, 'reason', '', ''),
	(677, 343, 'created_by', '', '1'),
	(678, 343, 'created_date', '', '2013-08-25 10:24:10'),
	(679, 343, 'modified_by', '', '1'),
	(680, 343, 'modified_date', '', '2013-08-25 10:24:10'),
	(681, 343, 'ipaddress', '', '127.0.0.1'),
	(682, 344, 'application_id', '', '111'),
	(683, 344, 'applicant_name', '', 'fgfd'),
	(684, 344, 'phone_no', '', '353543'),
	(685, 344, 'applicant_address', '', 'gfdgfd'),
	(686, 344, 'address_proof', '', 'tre'),
	(687, 344, 'vip_quota', '', '0'),
	(688, 344, 'vip_ref_by', '', ''),
	(689, 344, 'no_of_persons', '', '4'),
	(690, 344, 'created_by', '', '4'),
	(691, 344, 'created_date', '', '2013-08-25 15:55:30'),
	(692, 344, 'modified_by', '', '4'),
	(693, 344, 'modified_date', '', '2013-08-25 15:55:30'),
	(694, 344, 'ipaddress', '', '127.0.0.1'),
	(695, 345, 'application_details_id', '', '10'),
	(696, 345, 'blocks_id', '', '9'),
	(697, 345, 'rooms_id', '', '491'),
	(698, 345, 'from_date', '', '2013-08-25 15:55:30'),
	(699, 345, 'to_date', '', '2013-08-26 15:55:30'),
	(700, 345, 'checkout_date', '', '2013-08-26 15:55:30'),
	(701, 345, 'no_of_days', '', '1'),
	(702, 345, 'booking_type', '', '1'),
	(703, 345, 'created_by', '', '4'),
	(704, 345, 'created_date', '', '2013-08-25 15:55:30'),
	(705, 345, 'modified_by', '', '4'),
	(706, 345, 'modified_date', '', '2013-08-25 15:55:30'),
	(707, 345, 'ipaddress', '', '127.0.0.1'),
	(708, 346, 'application_details_id', '', '10'),
	(709, 346, 'deposit_amt', '', '2000'),
	(710, 346, 'rent_amount', '', '2000'),
	(711, 346, 'advance_amount', '', '0'),
	(712, 346, 'total_amount_paid', '', '4000'),
	(713, 346, 'received_by', '', '4'),
	(714, 346, 'received_date', '', '2013-08-25 15:55:30'),
	(715, 346, 'modified_by', '', '4'),
	(716, 346, 'modified_date', '', '2013-08-25 15:55:30'),
	(717, 346, 'ipaddress', '', '127.0.0.1'),
	(718, 347, 'application_id', '', '999'),
	(719, 347, 'applicant_name', '', 'adsa'),
	(720, 347, 'phone_no', '', '4645654'),
	(721, 347, 'applicant_address', '', 'fgd'),
	(722, 347, 'address_proof', '', 'dfgd'),
	(723, 347, 'vip_quota', '', '0'),
	(724, 347, 'vip_ref_by', '', ''),
	(725, 347, 'no_of_persons', '', '4'),
	(726, 347, 'created_by', '', '4'),
	(727, 347, 'created_date', '', '2013-08-25 16:24:48'),
	(728, 347, 'modified_by', '', '4'),
	(729, 347, 'modified_date', '', '2013-08-25 16:24:48'),
	(730, 347, 'ipaddress', '', '127.0.0.1'),
	(731, 348, 'application_details_id', '', '11'),
	(732, 348, 'blocks_id', '', '1'),
	(733, 348, 'rooms_id', '', '7'),
	(734, 348, 'from_date', '', '2013-08-25 16:24:48'),
	(735, 348, 'to_date', '', '2013-08-26 16:24:48'),
	(736, 348, 'checkout_date', '', '2013-08-26 16:24:48'),
	(737, 348, 'no_of_days', '', '1'),
	(738, 348, 'booking_type', '', '1'),
	(739, 348, 'created_by', '', '4'),
	(740, 348, 'created_date', '', '2013-08-25 16:24:48'),
	(741, 348, 'modified_by', '', '4'),
	(742, 348, 'modified_date', '', '2013-08-25 16:24:48'),
	(743, 348, 'ipaddress', '', '127.0.0.1'),
	(744, 349, 'application_details_id', '', '11'),
	(745, 349, 'deposit_amt', '', '350'),
	(746, 349, 'rent_amount', '', '350'),
	(747, 349, 'advance_amount', '', '0'),
	(748, 349, 'total_amount_paid', '', '700'),
	(749, 349, 'received_by', '', '4'),
	(750, 349, 'received_date', '', '2013-08-25 16:24:48'),
	(751, 349, 'modified_by', '', '4'),
	(752, 349, 'modified_date', '', '2013-08-25 16:24:48'),
	(753, 349, 'ipaddress', '', '127.0.0.1'),
	(754, 350, 'application_id', '', '6'),
	(755, 350, 'applicant_name', '', 'raja'),
	(756, 350, 'phone_no', '', '34343434'),
	(757, 350, 'applicant_address', '', 'aasd'),
	(758, 350, 'address_proof', '', ''),
	(759, 350, 'vip_quota', '', '0'),
	(760, 350, 'vip_ref_by', '', ''),
	(761, 350, 'no_of_persons', '', '2'),
	(762, 350, 'created_by', '', '4'),
	(763, 350, 'created_date', '', '2013-09-08 22:38:37'),
	(764, 350, 'modified_by', '', '4'),
	(765, 350, 'modified_date', '', '2013-09-08 22:38:37'),
	(766, 350, 'ipaddress', '', '192.168.0.100'),
	(767, 351, 'application_details_id', '', '12'),
	(768, 351, 'blocks_id', '', '1'),
	(769, 351, 'rooms_id', '', '1'),
	(770, 351, 'from_date', '', '2013-09-08 22:38:37'),
	(771, 351, 'to_date', '', '2013-09-09 22:38:37'),
	(772, 351, 'checkout_date', '', '2013-09-09 22:38:37'),
	(773, 351, 'no_of_days', '', '1'),
	(774, 351, 'booking_type', '', '1'),
	(775, 351, 'created_by', '', '4'),
	(776, 351, 'created_date', '', '2013-09-08 22:38:37'),
	(777, 351, 'modified_by', '', '4'),
	(778, 351, 'modified_date', '', '2013-09-08 22:38:37'),
	(779, 351, 'ipaddress', '', '192.168.0.100'),
	(780, 352, 'application_details_id', '', '12'),
	(781, 352, 'deposit_amt', '', '750'),
	(782, 352, 'rent_amount', '', '750'),
	(783, 352, 'advance_amount', '', '0'),
	(784, 352, 'total_amount_paid', '', '1500'),
	(785, 352, 'received_by', '', '4'),
	(786, 352, 'received_date', '', '2013-09-08 22:38:37'),
	(787, 352, 'modified_by', '', '4'),
	(788, 352, 'modified_date', '', '2013-09-08 22:38:37'),
	(789, 352, 'ipaddress', '', '192.168.0.100'),
	(790, 353, 'application_id', '', '8'),
	(791, 353, 'applicant_name', '', 'raja'),
	(792, 353, 'phone_no', '', '34343434'),
	(793, 353, 'applicant_address', '', 'asdf'),
	(794, 353, 'address_proof', '', ''),
	(795, 353, 'vip_quota', '', '0'),
	(796, 353, 'vip_ref_by', '', ''),
	(797, 353, 'no_of_persons', '', '5'),
	(798, 353, 'created_by', '', '4'),
	(799, 353, 'created_date', '', '2013-09-10 00:22:44'),
	(800, 353, 'modified_by', '', '4'),
	(801, 353, 'modified_date', '', '2013-09-10 00:22:44'),
	(802, 353, 'ipaddress', '', '192.168.0.100'),
	(803, 354, 'application_details_id', '', '13'),
	(804, 354, 'blocks_id', '', '1'),
	(805, 354, 'rooms_id', '', '3'),
	(806, 354, 'from_date', '', '2013-09-10 00:22:44'),
	(807, 354, 'to_date', '', '2013-09-11 00:22:44'),
	(808, 354, 'checkout_date', '', '2013-09-11 00:22:44'),
	(809, 354, 'no_of_days', '', '1'),
	(810, 354, 'booking_type', '', '1'),
	(811, 354, 'created_by', '', '4'),
	(812, 354, 'created_date', '', '2013-09-10 00:22:44'),
	(813, 354, 'modified_by', '', '4'),
	(814, 354, 'modified_date', '', '2013-09-10 00:22:44'),
	(815, 354, 'ipaddress', '', '192.168.0.100'),
	(816, 355, 'application_details_id', '', '13'),
	(817, 355, 'deposit_amt', '', '750'),
	(818, 355, 'rent_amount', '', '750'),
	(819, 355, 'advance_amount', '', '0'),
	(820, 355, 'total_amount_paid', '', '1500'),
	(821, 355, 'received_by', '', '4'),
	(822, 355, 'received_date', '', '2013-09-10 00:22:44'),
	(823, 355, 'modified_by', '', '4'),
	(824, 355, 'modified_date', '', '2013-09-10 00:22:44'),
	(825, 355, 'ipaddress', '', '192.168.0.100'),
	(826, 356, 'application_id', '', '8'),
	(827, 356, 'applicant_name', '', 'raja'),
	(828, 356, 'phone_no', '', '34343434'),
	(829, 356, 'applicant_address', '', 'asdf'),
	(830, 356, 'address_proof', '', ''),
	(831, 356, 'vip_quota', '', '0'),
	(832, 356, 'vip_ref_by', '', ''),
	(833, 356, 'no_of_persons', '', '4'),
	(834, 356, 'created_by', '', '4'),
	(835, 356, 'created_date', '', '2013-09-10 22:52:51'),
	(836, 356, 'modified_by', '', '4'),
	(837, 356, 'modified_date', '', '2013-09-10 22:52:51'),
	(838, 356, 'ipaddress', '', '192.168.0.100'),
	(839, 357, 'application_details_id', '', '14'),
	(840, 357, 'blocks_id', '', '1'),
	(841, 357, 'rooms_id', '', '1'),
	(842, 357, 'from_date', '', '2013-09-10 22:52:51'),
	(843, 357, 'to_date', '', '2013-09-11 22:52:51'),
	(844, 357, 'checkout_date', '', '2013-09-11 22:52:51'),
	(845, 357, 'no_of_days', '', '1'),
	(846, 357, 'booking_type', '', '1'),
	(847, 357, 'created_by', '', '4'),
	(848, 357, 'created_date', '', '2013-09-10 22:52:51'),
	(849, 357, 'modified_by', '', '4'),
	(850, 357, 'modified_date', '', '2013-09-10 22:52:51'),
	(851, 357, 'ipaddress', '', '192.168.0.100'),
	(852, 358, 'application_details_id', '', '14'),
	(853, 358, 'deposit_amt', '', '750'),
	(854, 358, 'rent_amount', '', '750'),
	(855, 358, 'advance_amount', '', '0'),
	(856, 358, 'total_amount_paid', '', '1500'),
	(857, 358, 'received_by', '', '4'),
	(858, 358, 'received_date', '', '2013-09-10 22:52:51'),
	(859, 358, 'modified_by', '', '4'),
	(860, 358, 'modified_date', '', '2013-09-10 22:52:51'),
	(861, 358, 'ipaddress', '', '192.168.0.100'),
	(862, 359, 'application_id', '', '9'),
	(863, 359, 'applicant_name', '', 'raja'),
	(864, 359, 'phone_no', '', ''),
	(865, 359, 'applicant_address', '', 'fdgh'),
	(866, 359, 'address_proof', '', ''),
	(867, 359, 'vip_quota', '', '0'),
	(868, 359, 'vip_ref_by', '', ''),
	(869, 359, 'no_of_persons', '', '6'),
	(870, 359, 'created_by', '', '4'),
	(871, 359, 'created_date', '', '2013-09-11 00:27:46'),
	(872, 359, 'modified_by', '', '4'),
	(873, 359, 'modified_date', '', '2013-09-11 00:27:46'),
	(874, 359, 'ipaddress', '', '192.168.0.100'),
	(875, 360, 'application_details_id', '', '15'),
	(876, 360, 'blocks_id', '', '1'),
	(877, 360, 'rooms_id', '', '2'),
	(878, 360, 'from_date', '', '2013-09-11 00:27:46'),
	(879, 360, 'to_date', '', '2013-09-12 00:27:46'),
	(880, 360, 'checkout_date', '', '2013-09-12 00:27:46'),
	(881, 360, 'no_of_days', '', '1'),
	(882, 360, 'booking_type', '', '1'),
	(883, 360, 'created_by', '', '4'),
	(884, 360, 'created_date', '', '2013-09-11 00:27:46'),
	(885, 360, 'modified_by', '', '4'),
	(886, 360, 'modified_date', '', '2013-09-11 00:27:46'),
	(887, 360, 'ipaddress', '', '192.168.0.100'),
	(888, 361, 'application_details_id', '', '15'),
	(889, 361, 'deposit_amt', '', '750'),
	(890, 361, 'rent_amount', '', '750'),
	(891, 361, 'advance_amount', '', '0'),
	(892, 361, 'total_amount_paid', '', '1500'),
	(893, 361, 'received_by', '', '4'),
	(894, 361, 'received_date', '', '2013-09-11 00:27:46'),
	(895, 361, 'modified_by', '', '4'),
	(896, 361, 'modified_date', '', '2013-09-11 00:27:46'),
	(897, 361, 'ipaddress', '', '192.168.0.100'),
	(898, 362, 'application_id', '', '9'),
	(899, 362, 'applicant_name', '', 'Raja'),
	(900, 362, 'phone_no', '', '34343434'),
	(901, 362, 'applicant_address', '', 'adsf'),
	(902, 362, 'address_proof', '', ''),
	(903, 362, 'vip_quota', '', '0'),
	(904, 362, 'vip_ref_by', '', ''),
	(905, 362, 'no_of_persons', '', '4'),
	(906, 362, 'created_by', '', '4'),
	(907, 362, 'created_date', '', '2013-09-11 21:30:52'),
	(908, 362, 'modified_by', '', '4'),
	(909, 362, 'modified_date', '', '2013-09-11 21:30:52'),
	(910, 362, 'ipaddress', '', '192.168.0.100'),
	(911, 363, 'application_details_id', '', '16'),
	(912, 363, 'blocks_id', '', '1'),
	(913, 363, 'rooms_id', '', '4'),
	(914, 363, 'from_date', '', '2013-09-11 21:30:52'),
	(915, 363, 'to_date', '', '2013-09-12 21:30:52'),
	(916, 363, 'checkout_date', '', '2013-09-12 21:30:52'),
	(917, 363, 'no_of_days', '', '1'),
	(918, 363, 'booking_type', '', '1'),
	(919, 363, 'created_by', '', '4'),
	(920, 363, 'created_date', '', '2013-09-11 21:30:52'),
	(921, 363, 'modified_by', '', '4'),
	(922, 363, 'modified_date', '', '2013-09-11 21:30:52'),
	(923, 363, 'ipaddress', '', '192.168.0.100'),
	(924, 364, 'application_details_id', '', '16'),
	(925, 364, 'deposit_amt', '', '750'),
	(926, 364, 'rent_amount', '', '750'),
	(927, 364, 'advance_amount', '', '0'),
	(928, 364, 'total_amount_paid', '', '1500'),
	(929, 364, 'received_by', '', '4'),
	(930, 364, 'received_date', '', '2013-09-11 21:30:52'),
	(931, 364, 'modified_by', '', '4'),
	(932, 364, 'modified_date', '', '2013-09-11 21:30:52'),
	(933, 364, 'ipaddress', '', '192.168.0.100'),
	(934, 365, 'applicant_name', '', 'Narasimha'),
	(935, 365, 'phone_no', '', '9999999999'),
	(936, 365, 'applicant_address', '', 'yadgiri gutta'),
	(937, 365, 'address_proof', '', 'temple'),
	(938, 365, 'vip_quota', '', '0'),
	(939, 365, 'vip_ref_by', '', ''),
	(940, 365, 'no_of_persons', '', '4'),
	(941, 365, 'created_by', '', '4'),
	(942, 365, 'created_date', '', '2014-12-28 14:55:20'),
	(943, 365, 'modified_by', '', '4'),
	(944, 365, 'modified_date', '', '2014-12-28 14:55:20'),
	(945, 365, 'ipaddress', '', '127.0.0.1'),
	(946, 366, 'applicant_name', '', 'a'),
	(947, 366, 'phone_no', '', 'a'),
	(948, 366, 'applicant_address', '', 'a'),
	(949, 366, 'address_proof', '', 'a'),
	(950, 366, 'vip_quota', '', '0'),
	(951, 366, 'vip_ref_by', '', ''),
	(952, 366, 'no_of_persons', '', '5'),
	(953, 366, 'created_by', '', '4'),
	(954, 366, 'created_date', '', '2014-12-28 14:56:16'),
	(955, 366, 'modified_by', '', '4'),
	(956, 366, 'modified_date', '', '2014-12-28 14:56:16'),
	(957, 366, 'ipaddress', '', '127.0.0.1'),
	(958, 367, 'applicant_name', '', 'Narasimha'),
	(959, 367, 'phone_no', '', '9999999999'),
	(960, 367, 'applicant_address', '', 'yadigirigutta'),
	(961, 367, 'address_proof', '', 'temple'),
	(962, 367, 'vip_quota', '', '0'),
	(963, 367, 'vip_ref_by', '', ''),
	(964, 367, 'no_of_persons', '', '4'),
	(965, 367, 'created_by', '', '4'),
	(966, 367, 'created_date', '', '2014-12-28 15:07:59'),
	(967, 367, 'modified_by', '', '4'),
	(968, 367, 'modified_date', '', '2014-12-28 15:07:59'),
	(969, 367, 'ipaddress', '', '127.0.0.1'),
	(970, 368, 'applicant_name', '', 'Narasimha'),
	(971, 368, 'phone_no', '', '9999999999'),
	(972, 368, 'applicant_address', '', 'yadigiri gutta'),
	(973, 368, 'address_proof', '', 'temple'),
	(974, 368, 'vip_quota', '', '0'),
	(975, 368, 'vip_ref_by', '', ''),
	(976, 368, 'no_of_persons', '', '4'),
	(977, 368, 'created_by', '', '4'),
	(978, 368, 'created_date', '', '2014-12-28 15:10:55'),
	(979, 368, 'modified_by', '', '4'),
	(980, 368, 'modified_date', '', '2014-12-28 15:10:55'),
	(981, 368, 'ipaddress', '', '127.0.0.1'),
	(982, 369, 'applicant_name', '', 'Narasimha'),
	(983, 369, 'phone_no', '', '9999999999'),
	(984, 369, 'applicant_address', '', 'yadigiri gutta'),
	(985, 369, 'address_proof', '', 'temple'),
	(986, 369, 'vip_quota', '', '0'),
	(987, 369, 'vip_ref_by', '', ''),
	(988, 369, 'no_of_persons', '', '4'),
	(989, 369, 'created_by', '', '4'),
	(990, 369, 'created_date', '', '2014-12-28 15:13:08'),
	(991, 369, 'modified_by', '', '4'),
	(992, 369, 'modified_date', '', '2014-12-28 15:13:08'),
	(993, 369, 'ipaddress', '', '127.0.0.1'),
	(994, 370, 'application_details_id', '', '21'),
	(995, 370, 'blocks_id', '', '1'),
	(996, 370, 'rooms_id', '', '1'),
	(997, 370, 'from_date', '', '2014-12-28 15:13:08'),
	(998, 370, 'to_date', '', '2014-12-29 15:13:08'),
	(999, 370, 'checkout_date', '', '2014-12-29 15:13:08'),
	(1000, 370, 'no_of_days', '', '1'),
	(1001, 370, 'booking_type', '', '1'),
	(1002, 370, 'created_by', '', '4'),
	(1003, 370, 'created_date', '', '2014-12-28 15:13:08'),
	(1004, 370, 'modified_by', '', '4'),
	(1005, 370, 'modified_date', '', '2014-12-28 15:13:08'),
	(1006, 370, 'ipaddress', '', '127.0.0.1'),
	(1007, 371, 'application_details_id', '', '21'),
	(1008, 371, 'deposit_amt', '', '300'),
	(1009, 371, 'rent_amount', '', '300'),
	(1010, 371, 'advance_amount', '', '0'),
	(1011, 371, 'total_amount_paid', '', '600'),
	(1012, 371, 'received_by', '', '4'),
	(1013, 371, 'received_date', '', '2014-12-28 15:13:08'),
	(1014, 371, 'modified_by', '', '4'),
	(1015, 371, 'modified_date', '', '2014-12-28 15:13:08'),
	(1016, 371, 'ipaddress', '', '127.0.0.1'),
	(1017, 372, 'to_date', '2014-12-29 15:13:08', '2014-12-28 15:20:01'),
	(1018, 372, 'booked_status', '1', '0'),
	(1019, 372, 'modified_date', '2014-12-28 15:13:08', '2014-12-28 15:20:01'),
	(1020, 373, 'receipt_id', '', '1'),
	(1021, 373, 'deposit_refund_amount', '', '300.00'),
	(1022, 373, 'damage_amount', '', ''),
	(1023, 373, 'deposit_refund_by', '', '4'),
	(1024, 373, 'deposit_refund_date', '', '2014-12-28 15:20:01'),
	(1025, 373, 'modified_by', '', '4'),
	(1026, 373, 'modified_date', '', '2014-12-28 15:20:01'),
	(1027, 373, 'ipaddress', '', '127.0.0.1'),
	(1028, 374, 'name', 'Andala Nilayam ', 'Andala Nilayam'),
	(1029, 374, 'status', '1', '0'),
	(1030, 374, 'modified_by', '', '1'),
	(1031, 374, 'modified_date', '', '2014-12-28 11:15:10'),
	(1032, 374, 'ipaddress', '', '127.0.0.1'),
	(1033, 375, 'applicant_name', '', 'test'),
	(1034, 375, 'phone_no', '', '55555555'),
	(1035, 375, 'applicant_address', '', 'test'),
	(1036, 375, 'address_proof', '', 'test'),
	(1037, 375, 'vip_quota', '', '0'),
	(1038, 375, 'vip_ref_by', '', ''),
	(1039, 375, 'no_of_persons', '', '2'),
	(1040, 375, 'created_by', '', '4'),
	(1041, 375, 'created_date', '', '2014-12-28 15:49:27'),
	(1042, 375, 'modified_by', '', '4'),
	(1043, 375, 'modified_date', '', '2014-12-28 15:49:27'),
	(1044, 375, 'ipaddress', '', '127.0.0.1'),
	(1045, 376, 'application_details_id', '', '22'),
	(1046, 376, 'blocks_id', '', '1'),
	(1047, 376, 'rooms_id', '', '1'),
	(1048, 376, 'from_date', '', '2014-12-28 15:49:27'),
	(1049, 376, 'to_date', '', '2014-12-30 15:49:27'),
	(1050, 376, 'checkout_date', '', '2014-12-30 15:49:27'),
	(1051, 376, 'no_of_days', '', '2'),
	(1052, 376, 'booking_type', '', '1'),
	(1053, 376, 'created_by', '', '4'),
	(1054, 376, 'created_date', '', '2014-12-28 15:49:27'),
	(1055, 376, 'modified_by', '', '4'),
	(1056, 376, 'modified_date', '', '2014-12-28 15:49:27'),
	(1057, 376, 'ipaddress', '', '127.0.0.1'),
	(1058, 377, 'application_details_id', '', '22'),
	(1059, 377, 'deposit_amt', '', '300'),
	(1060, 377, 'rent_amount', '', '600'),
	(1061, 377, 'advance_amount', '', '0'),
	(1062, 377, 'total_amount_paid', '', '900'),
	(1063, 377, 'received_by', '', '4'),
	(1064, 377, 'received_date', '', '2014-12-28 15:49:27'),
	(1065, 377, 'modified_by', '', '4'),
	(1066, 377, 'modified_date', '', '2014-12-28 15:49:27'),
	(1067, 377, 'ipaddress', '', '127.0.0.1'),
	(1068, 378, 'to_date', '2014-12-30 15:49:27', '2014-12-28 16:30:24'),
	(1069, 378, 'booked_status', '1', '0'),
	(1070, 378, 'modified_date', '2014-12-28 15:49:27', '2014-12-28 16:30:24'),
	(1071, 379, 'receipt_id', '', '2'),
	(1072, 379, 'deposit_refund_amount', '', '100'),
	(1073, 379, 'damage_amount', '', '200'),
	(1074, 379, 'deposit_refund_by', '', '4'),
	(1075, 379, 'deposit_refund_date', '', '2014-12-28 16:30:24'),
	(1076, 379, 'modified_by', '', '4'),
	(1077, 379, 'modified_date', '', '2014-12-28 16:30:24'),
	(1078, 379, 'ipaddress', '', '127.0.0.1'),
	(1079, 380, 'applicant_name', '', 'test'),
	(1080, 380, 'phone_no', '', '3333333333'),
	(1081, 380, 'applicant_address', '', 'test'),
	(1082, 380, 'address_proof', '', 'test'),
	(1083, 380, 'vip_quota', '', '0'),
	(1084, 380, 'vip_ref_by', '', ''),
	(1085, 380, 'no_of_persons', '', '4'),
	(1086, 380, 'created_by', '', '4'),
	(1087, 380, 'created_date', '', '2014-12-28 17:23:43'),
	(1088, 380, 'modified_by', '', '4'),
	(1089, 380, 'modified_date', '', '2014-12-28 17:23:43'),
	(1090, 380, 'ipaddress', '', '127.0.0.1'),
	(1091, 381, 'application_details_id', '', '23'),
	(1092, 381, 'blocks_id', '', '1'),
	(1093, 381, 'rooms_id', '', '1'),
	(1094, 381, 'from_date', '', '2014-12-28 17:23:43'),
	(1095, 381, 'to_date', '', '2014-12-29 17:23:43'),
	(1096, 381, 'checkout_date', '', '2014-12-29 17:23:43'),
	(1097, 381, 'no_of_days', '', '1'),
	(1098, 381, 'booking_type', '', '1'),
	(1099, 381, 'created_by', '', '4'),
	(1100, 381, 'created_date', '', '2014-12-28 17:23:43'),
	(1101, 381, 'modified_by', '', '4'),
	(1102, 381, 'modified_date', '', '2014-12-28 17:23:43'),
	(1103, 381, 'ipaddress', '', '127.0.0.1'),
	(1104, 382, 'application_details_id', '', '23'),
	(1105, 382, 'deposit_amt', '', '300'),
	(1106, 382, 'rent_amount', '', '300'),
	(1107, 382, 'advance_amount', '', '0'),
	(1108, 382, 'total_amount_paid', '', '600'),
	(1109, 382, 'received_by', '', '4'),
	(1110, 382, 'received_date', '', '2014-12-28 17:23:43'),
	(1111, 382, 'modified_by', '', '4'),
	(1112, 382, 'modified_date', '', '2014-12-28 17:23:43'),
	(1113, 382, 'ipaddress', '', '127.0.0.1');
/*!40000 ALTER TABLE `update_history_details_php` ENABLE KEYS */;


-- Dumping structure for table yg_temple.update_history_main
CREATE TABLE IF NOT EXISTS `update_history_main` (
  `id` int(11) NOT NULL AUTO_INCREMENT,
  `modify_date` datetime NOT NULL,
  `table_involved` varchar(50) NOT NULL,
  `action` varchar(50) NOT NULL,
  PRIMARY KEY (`id`)
) ENGINE=InnoDB DEFAULT CHARSET=latin1;

-- Dumping data for table yg_temple.update_history_main: ~0 rows (approximately)
DELETE FROM `update_history_main`;
/*!40000 ALTER TABLE `update_history_main` DISABLE KEYS */;
/*!40000 ALTER TABLE `update_history_main` ENABLE KEYS */;


-- Dumping structure for table yg_temple.update_history_main_php
CREATE TABLE IF NOT EXISTS `update_history_main_php` (
  `id` int(11) NOT NULL AUTO_INCREMENT,
  `modify_date` datetime NOT NULL,
  `table_involved` varchar(50) NOT NULL,
  `action` varchar(50) NOT NULL,
  `users_id` int(11) NOT NULL,
  `ip_address` varchar(50) NOT NULL,
  PRIMARY KEY (`id`)
) ENGINE=InnoDB AUTO_INCREMENT=383 DEFAULT CHARSET=latin1;

-- Dumping data for table yg_temple.update_history_main_php: ~364 rows (approximately)
DELETE FROM `update_history_main_php`;
/*!40000 ALTER TABLE `update_history_main_php` DISABLE KEYS */;
INSERT INTO `update_history_main_php` (`id`, `modify_date`, `table_involved`, `action`, `users_id`, `ip_address`) VALUES
	(1, '2012-09-24 23:10:33', 'application_details', 'insert', 1, '127.0.0.1'),
	(2, '2012-09-24 23:10:33', 'booking_details', 'insert', 1, '127.0.0.1'),
	(3, '2012-09-24 23:10:33', 'receipts', 'insert', 1, '127.0.0.1'),
	(4, '2012-09-24 23:11:30', 'application_details', 'insert', 1, '127.0.0.1'),
	(5, '2012-09-24 23:11:30', 'booking_details', 'insert', 1, '127.0.0.1'),
	(6, '2012-09-24 23:11:30', 'receipts', 'insert', 1, '127.0.0.1'),
	(7, '2012-09-24 23:11:47', 'application_details', 'insert', 1, '127.0.0.1'),
	(8, '2012-09-24 23:11:47', 'booking_details', 'insert', 1, '127.0.0.1'),
	(9, '2012-09-24 23:11:47', 'receipts', 'insert', 1, '127.0.0.1'),
	(10, '2012-09-24 23:55:51', 'application_details', 'insert', 1, '127.0.0.1'),
	(11, '2012-09-24 23:55:51', 'booking_details', 'insert', 1, '127.0.0.1'),
	(12, '2012-09-24 23:55:51', 'receipts', 'insert', 1, '127.0.0.1'),
	(13, '2012-09-24 23:58:31', 'application_details', 'insert', 1, '127.0.0.1'),
	(14, '2012-09-24 23:58:31', 'booking_details', 'insert', 1, '127.0.0.1'),
	(15, '2012-09-24 23:58:31', 'receipts', 'insert', 1, '127.0.0.1'),
	(16, '2012-09-25 00:02:46', 'application_details', 'insert', 1, '127.0.0.1'),
	(17, '2012-09-25 00:02:46', 'booking_details', 'insert', 1, '127.0.0.1'),
	(18, '2012-09-25 00:02:46', 'receipts', 'insert', 1, '127.0.0.1'),
	(19, '2012-09-25 00:05:57', 'application_details', 'insert', 1, '127.0.0.1'),
	(20, '2012-09-25 00:05:57', 'booking_details', 'insert', 1, '127.0.0.1'),
	(21, '2012-09-25 00:05:57', 'receipts', 'insert', 1, '127.0.0.1'),
	(22, '2012-10-03 01:08:24', 'application_details', 'insert', 1, '127.0.0.1'),
	(23, '2012-10-03 01:08:24', 'booking_details', 'insert', 1, '127.0.0.1'),
	(24, '2012-10-03 01:08:24', 'receipts', 'insert', 1, '127.0.0.1'),
	(25, '2012-10-03 01:08:31', 'application_details', 'insert', 1, '127.0.0.1'),
	(26, '2012-10-03 01:08:31', 'booking_details', 'insert', 1, '127.0.0.1'),
	(27, '2012-10-03 01:08:31', 'receipts', 'insert', 1, '127.0.0.1'),
	(28, '2012-10-03 01:08:34', 'application_details', 'insert', 1, '127.0.0.1'),
	(29, '2012-10-03 01:08:34', 'booking_details', 'insert', 1, '127.0.0.1'),
	(30, '2012-10-03 01:08:34', 'receipts', 'insert', 1, '127.0.0.1'),
	(31, '2012-10-03 01:09:57', 'application_details', 'insert', 1, '127.0.0.1'),
	(32, '2012-10-03 01:09:58', 'booking_details', 'insert', 1, '127.0.0.1'),
	(33, '2012-10-03 01:09:58', 'receipts', 'insert', 1, '127.0.0.1'),
	(34, '2012-10-03 01:10:01', 'application_details', 'insert', 1, '127.0.0.1'),
	(35, '2012-10-03 01:10:01', 'booking_details', 'insert', 1, '127.0.0.1'),
	(36, '2012-10-03 01:10:01', 'receipts', 'insert', 1, '127.0.0.1'),
	(37, '2012-10-03 01:11:13', 'application_details', 'insert', 1, '127.0.0.1'),
	(38, '2012-10-03 01:11:13', 'booking_details', 'insert', 1, '127.0.0.1'),
	(39, '2012-10-03 01:11:13', 'receipts', 'insert', 1, '127.0.0.1'),
	(40, '2012-10-03 01:11:17', 'application_details', 'insert', 1, '127.0.0.1'),
	(41, '2012-10-03 01:11:17', 'booking_details', 'insert', 1, '127.0.0.1'),
	(42, '2012-10-03 01:11:17', 'receipts', 'insert', 1, '127.0.0.1'),
	(43, '2012-10-03 01:13:15', 'application_details', 'insert', 1, '127.0.0.1'),
	(44, '2012-10-03 01:13:15', 'booking_details', 'insert', 1, '127.0.0.1'),
	(45, '2012-10-03 01:13:15', 'receipts', 'insert', 1, '127.0.0.1'),
	(46, '2012-10-03 01:13:35', 'application_details', 'insert', 1, '127.0.0.1'),
	(47, '2012-10-03 01:13:35', 'booking_details', 'insert', 1, '127.0.0.1'),
	(48, '2012-10-03 01:13:35', 'receipts', 'insert', 1, '127.0.0.1'),
	(49, '2012-10-03 01:20:39', 'application_details', 'insert', 1, '127.0.0.1'),
	(50, '2012-10-03 01:20:39', 'booking_details', 'insert', 1, '127.0.0.1'),
	(51, '2012-10-03 01:20:39', 'receipts', 'insert', 1, '127.0.0.1'),
	(52, '2012-10-03 01:21:13', 'application_details', 'insert', 1, '127.0.0.1'),
	(53, '2012-10-03 01:21:14', 'booking_details', 'insert', 1, '127.0.0.1'),
	(54, '2012-10-03 01:21:14', 'receipts', 'insert', 1, '127.0.0.1'),
	(55, '2012-10-03 01:27:51', 'application_details', 'insert', 1, '127.0.0.1'),
	(56, '2012-10-03 01:27:51', 'booking_details', 'insert', 1, '127.0.0.1'),
	(57, '2012-10-03 01:27:51', 'receipts', 'insert', 1, '127.0.0.1'),
	(58, '2012-10-03 01:30:17', 'application_details', 'insert', 1, '127.0.0.1'),
	(59, '2012-10-03 01:30:17', 'booking_details', 'insert', 1, '127.0.0.1'),
	(60, '2012-10-03 01:30:17', 'receipts', 'insert', 1, '127.0.0.1'),
	(61, '2012-10-03 01:37:32', 'application_details', 'insert', 1, '127.0.0.1'),
	(62, '2012-10-03 01:37:32', 'booking_details', 'insert', 1, '127.0.0.1'),
	(63, '2012-10-03 01:37:32', 'receipts', 'insert', 1, '127.0.0.1'),
	(64, '2012-10-03 01:38:37', 'application_details', 'insert', 1, '127.0.0.1'),
	(65, '2012-10-03 01:38:37', 'booking_details', 'insert', 1, '127.0.0.1'),
	(66, '2012-10-03 01:38:37', 'receipts', 'insert', 1, '127.0.0.1'),
	(67, '2012-10-03 01:39:33', 'application_details', 'insert', 1, '127.0.0.1'),
	(68, '2012-10-03 01:39:33', 'booking_details', 'insert', 1, '127.0.0.1'),
	(69, '2012-10-03 01:39:33', 'receipts', 'insert', 1, '127.0.0.1'),
	(70, '2012-10-03 01:42:11', 'application_details', 'insert', 1, '127.0.0.1'),
	(71, '2012-10-03 01:42:11', 'booking_details', 'insert', 1, '127.0.0.1'),
	(72, '2012-10-03 01:42:12', 'receipts', 'insert', 1, '127.0.0.1'),
	(73, '2012-10-04 00:19:24', 'application_details', 'insert', 1, '127.0.0.1'),
	(74, '2012-10-04 00:19:25', 'booking_details', 'insert', 1, '127.0.0.1'),
	(75, '2012-10-04 00:19:25', 'receipts', 'insert', 1, '127.0.0.1'),
	(76, '2012-10-04 00:21:40', 'application_details', 'insert', 1, '127.0.0.1'),
	(77, '2012-10-04 00:21:40', 'booking_details', 'insert', 1, '127.0.0.1'),
	(78, '2012-10-04 00:21:40', 'receipts', 'insert', 1, '127.0.0.1'),
	(79, '2012-10-04 22:57:22', 'application_details', 'insert', 1, '127.0.0.1'),
	(80, '2012-10-04 22:57:22', 'booking_details', 'insert', 1, '127.0.0.1'),
	(81, '2012-10-04 22:57:22', 'receipts', 'insert', 1, '127.0.0.1'),
	(82, '2012-10-04 23:14:09', 'application_details', 'insert', 1, '127.0.0.1'),
	(83, '2012-10-04 23:14:10', 'booking_details', 'insert', 1, '127.0.0.1'),
	(84, '2012-10-04 23:14:10', 'receipts', 'insert', 1, '127.0.0.1'),
	(85, '2012-10-04 23:14:34', 'application_details', 'insert', 1, '127.0.0.1'),
	(86, '2012-10-04 23:14:35', 'booking_details', 'insert', 1, '127.0.0.1'),
	(87, '2012-10-04 23:14:35', 'receipts', 'insert', 1, '127.0.0.1'),
	(88, '2012-10-04 23:15:13', 'application_details', 'insert', 1, '127.0.0.1'),
	(89, '2012-10-04 23:15:13', 'booking_details', 'insert', 1, '127.0.0.1'),
	(90, '2012-10-04 23:15:14', 'receipts', 'insert', 1, '127.0.0.1'),
	(91, '2012-10-04 23:15:55', 'application_details', 'insert', 1, '127.0.0.1'),
	(92, '2012-10-04 23:15:56', 'booking_details', 'insert', 1, '127.0.0.1'),
	(93, '2012-10-04 23:15:56', 'receipts', 'insert', 1, '127.0.0.1'),
	(94, '2012-10-04 23:16:36', 'application_details', 'insert', 1, '127.0.0.1'),
	(95, '2012-10-04 23:16:36', 'booking_details', 'insert', 1, '127.0.0.1'),
	(96, '2012-10-04 23:16:36', 'receipts', 'insert', 1, '127.0.0.1'),
	(97, '2012-10-04 23:18:57', 'application_details', 'insert', 1, '127.0.0.1'),
	(98, '2012-10-04 23:18:57', 'booking_details', 'insert', 1, '127.0.0.1'),
	(99, '2012-10-04 23:18:57', 'receipts', 'insert', 1, '127.0.0.1'),
	(100, '2012-10-05 00:38:30', 'application_details', 'insert', 1, '127.0.0.1'),
	(101, '2012-10-05 00:38:31', 'booking_details', 'insert', 1, '127.0.0.1'),
	(102, '2012-10-05 00:38:31', 'receipts', 'insert', 1, '127.0.0.1'),
	(103, '2012-10-05 00:38:56', 'application_details', 'insert', 1, '127.0.0.1'),
	(104, '2012-10-05 00:38:56', 'booking_details', 'insert', 1, '127.0.0.1'),
	(105, '2012-10-05 00:38:56', 'receipts', 'insert', 1, '127.0.0.1'),
	(106, '2012-10-05 00:39:23', 'application_details', 'insert', 1, '127.0.0.1'),
	(107, '2012-10-05 00:39:23', 'booking_details', 'insert', 1, '127.0.0.1'),
	(108, '2012-10-05 00:39:23', 'receipts', 'insert', 1, '127.0.0.1'),
	(109, '2012-10-05 00:53:37', 'application_details', 'insert', 1, '127.0.0.1'),
	(110, '2012-10-05 00:53:37', 'booking_details', 'insert', 1, '127.0.0.1'),
	(111, '2012-10-05 00:53:37', 'receipts', 'insert', 1, '127.0.0.1'),
	(112, '2012-10-05 00:55:11', 'application_details', 'insert', 1, '127.0.0.1'),
	(113, '2012-10-05 00:55:12', 'booking_details', 'insert', 1, '127.0.0.1'),
	(114, '2012-10-05 00:55:12', 'receipts', 'insert', 1, '127.0.0.1'),
	(115, '2012-10-05 01:03:11', 'application_details', 'insert', 1, '127.0.0.1'),
	(116, '2012-10-05 01:03:11', 'booking_details', 'insert', 1, '127.0.0.1'),
	(117, '2012-10-05 01:03:11', 'receipts', 'insert', 1, '127.0.0.1'),
	(118, '2012-10-05 01:03:35', 'application_details', 'insert', 1, '127.0.0.1'),
	(119, '2012-10-05 01:03:35', 'booking_details', 'insert', 1, '127.0.0.1'),
	(120, '2012-10-05 01:03:35', 'receipts', 'insert', 1, '127.0.0.1'),
	(121, '2012-10-05 01:05:21', 'application_details', 'insert', 1, '127.0.0.1'),
	(122, '2012-10-05 01:05:21', 'booking_details', 'insert', 1, '127.0.0.1'),
	(123, '2012-10-05 01:05:22', 'receipts', 'insert', 1, '127.0.0.1'),
	(124, '2012-10-05 01:06:04', 'application_details', 'insert', 1, '127.0.0.1'),
	(125, '2012-10-05 01:06:04', 'booking_details', 'insert', 1, '127.0.0.1'),
	(126, '2012-10-05 01:06:05', 'receipts', 'insert', 1, '127.0.0.1'),
	(127, '2012-10-06 00:15:12', 'application_details', 'insert', 1, '127.0.0.1'),
	(128, '2012-10-06 00:15:12', 'booking_details', 'insert', 1, '127.0.0.1'),
	(129, '2012-10-06 00:15:12', 'receipts', 'insert', 1, '127.0.0.1'),
	(130, '2012-10-06 00:16:39', 'application_details', 'insert', 1, '127.0.0.1'),
	(131, '2012-10-06 00:16:39', 'booking_details', 'insert', 1, '127.0.0.1'),
	(132, '2012-10-06 00:16:39', 'receipts', 'insert', 1, '127.0.0.1'),
	(133, '2012-10-06 00:45:51', 'application_details', 'insert', 1, '127.0.0.1'),
	(134, '2012-10-06 00:45:51', 'booking_details', 'insert', 1, '127.0.0.1'),
	(135, '2012-10-06 00:45:52', 'receipts', 'insert', 1, '127.0.0.1'),
	(136, '2012-10-10 22:47:21', 'application_details', 'insert', 1, '127.0.0.1'),
	(137, '2012-10-10 22:47:21', 'booking_details', 'insert', 1, '127.0.0.1'),
	(138, '2012-10-10 22:47:21', 'receipts', 'insert', 1, '127.0.0.1'),
	(139, '2012-10-10 22:49:36', 'application_details', 'insert', 1, '127.0.0.1'),
	(140, '2012-10-10 22:49:36', 'booking_details', 'insert', 1, '127.0.0.1'),
	(141, '2012-10-10 22:49:36', 'receipts', 'insert', 1, '127.0.0.1'),
	(142, '2012-10-11 00:03:57', 'application_details', 'insert', 1, '127.0.0.1'),
	(143, '2012-10-11 00:03:57', 'booking_details', 'insert', 1, '127.0.0.1'),
	(144, '2012-10-11 00:03:57', 'receipts', 'insert', 1, '127.0.0.1'),
	(145, '2012-10-12 01:00:57', 'application_details', 'insert', 1, '127.0.0.1'),
	(146, '2012-10-12 01:00:57', 'booking_details', 'insert', 1, '127.0.0.1'),
	(147, '2012-10-12 01:00:57', 'receipts', 'insert', 1, '127.0.0.1'),
	(148, '2012-10-13 00:33:20', 'application_details', 'insert', 1, '127.0.0.1'),
	(149, '2012-10-13 00:33:20', 'booking_details', 'insert', 1, '127.0.0.1'),
	(150, '2012-10-13 00:33:20', 'receipts', 'insert', 1, '127.0.0.1'),
	(151, '2012-10-16 23:22:56', 'application_details', 'insert', 1, '127.0.0.1'),
	(152, '2012-10-16 23:22:56', 'booking_details', 'insert', 1, '127.0.0.1'),
	(153, '2012-10-16 23:22:56', 'receipts', 'insert', 1, '127.0.0.1'),
	(154, '2012-10-16 23:34:44', 'application_details', 'insert', 1, '127.0.0.1'),
	(155, '2012-10-16 23:34:44', 'booking_details', 'insert', 1, '127.0.0.1'),
	(156, '2012-10-16 23:34:44', 'receipts', 'insert', 1, '127.0.0.1'),
	(157, '2012-10-16 23:35:50', 'application_details', 'insert', 1, '127.0.0.1'),
	(158, '2012-10-16 23:35:50', 'booking_details', 'insert', 1, '127.0.0.1'),
	(159, '2012-10-16 23:35:51', 'receipts', 'insert', 1, '127.0.0.1'),
	(160, '2012-10-16 23:43:41', 'application_details', 'insert', 1, '127.0.0.1'),
	(161, '2012-10-16 23:43:41', 'booking_details', 'insert', 1, '127.0.0.1'),
	(162, '2012-10-16 23:43:41', 'receipts', 'insert', 1, '127.0.0.1'),
	(163, '2012-10-16 23:47:07', 'application_details', 'insert', 1, '127.0.0.1'),
	(164, '2012-10-16 23:48:01', 'application_details', 'insert', 1, '127.0.0.1'),
	(165, '2012-10-16 23:48:01', 'booking_details', 'insert', 1, '127.0.0.1'),
	(166, '2012-10-16 23:48:01', 'receipts', 'insert', 1, '127.0.0.1'),
	(167, '2012-10-16 23:49:14', 'application_details', 'insert', 1, '127.0.0.1'),
	(168, '2012-10-16 23:49:53', 'application_details', 'insert', 1, '127.0.0.1'),
	(169, '2012-10-16 23:49:53', 'booking_details', 'insert', 1, '127.0.0.1'),
	(170, '2012-10-16 23:49:53', 'receipts', 'insert', 1, '127.0.0.1'),
	(171, '2012-10-27 18:42:22', 'application_details', 'insert', 1, '127.0.0.1'),
	(172, '2012-10-27 18:42:22', 'booking_details', 'insert', 1, '127.0.0.1'),
	(173, '2012-10-27 18:42:22', 'receipts', 'insert', 1, '127.0.0.1'),
	(174, '2012-10-29 22:34:18', 'application_details', 'insert', 1, '127.0.0.1'),
	(175, '2012-10-29 22:34:19', 'booking_details', 'insert', 1, '127.0.0.1'),
	(176, '2012-10-29 22:34:19', 'receipts', 'insert', 1, '127.0.0.1'),
	(177, '2012-10-30 00:24:02', 'blocks', 'insert', 1, '127.0.0.1'),
	(178, '2012-10-30 00:26:28', 'blocks', 'update', 1, '127.0.0.1'),
	(179, '2012-10-30 00:27:51', 'blocks', 'update', 1, '127.0.0.1'),
	(180, '2012-10-30 00:28:57', 'blocks', 'update', 1, '127.0.0.1'),
	(181, '2012-10-30 00:29:21', 'blocks', 'update', 1, '127.0.0.1'),
	(182, '2012-10-30 00:40:09', 'blocks', 'update', 1, '127.0.0.1'),
	(183, '2012-10-30 01:21:42', 'blocks', 'update', 1, '127.0.0.1'),
	(184, '2012-10-30 01:22:50', 'blocks', 'update', 1, '127.0.0.1'),
	(185, '2012-10-30 01:23:54', 'blocks', 'update', 1, '127.0.0.1'),
	(186, '2012-10-30 22:46:34', 'rooms', 'update', 1, '127.0.0.1'),
	(187, '2012-10-30 22:50:08', 'rooms', 'update', 1, '127.0.0.1'),
	(188, '2012-10-30 22:54:04', 'rooms', 'update', 1, '127.0.0.1'),
	(189, '2012-10-30 22:58:36', 'rooms', 'update', 1, '127.0.0.1'),
	(190, '2012-10-30 23:01:29', 'rooms', 'update', 1, '127.0.0.1'),
	(191, '2012-10-30 23:01:35', 'rooms', 'update', 1, '127.0.0.1'),
	(192, '2012-10-30 23:02:23', 'rooms', 'update', 1, '127.0.0.1'),
	(193, '2012-10-30 23:03:44', 'rooms', 'update', 1, '127.0.0.1'),
	(194, '2012-10-30 23:05:39', 'rooms', 'update', 1, '127.0.0.1'),
	(195, '2012-10-30 23:11:57', 'rooms', 'update', 1, '127.0.0.1'),
	(196, '2012-10-30 23:12:20', 'rooms', 'update', 1, '127.0.0.1'),
	(197, '2012-10-30 23:12:37', 'rooms', 'update', 1, '127.0.0.1'),
	(198, '2012-10-30 23:20:47', 'rooms', 'insert', 1, '127.0.0.1'),
	(199, '2012-10-30 23:21:53', 'rooms', 'insert', 1, '127.0.0.1'),
	(200, '2012-10-30 23:22:51', 'rooms', 'insert', 1, '127.0.0.1'),
	(201, '2012-10-30 23:23:13', 'rooms', 'insert', 1, '127.0.0.1'),
	(202, '2012-10-30 23:24:08', 'rooms', 'insert', 1, '127.0.0.1'),
	(203, '2012-10-30 23:24:30', 'rooms', 'update', 1, '127.0.0.1'),
	(204, '2012-10-30 23:28:57', 'rooms', 'update', 1, '127.0.0.1'),
	(205, '2012-10-31 00:22:16', 'rooms', 'update', 1, '127.0.0.1'),
	(206, '2012-10-31 00:25:37', 'users', 'update', 1, '127.0.0.1'),
	(207, '2012-10-31 00:27:20', 'users', 'insert', 1, '127.0.0.1'),
	(208, '2012-11-02 23:38:35', 'application_details', 'insert', 1, '127.0.0.1'),
	(209, '2012-11-02 23:38:35', 'booking_details', 'insert', 1, '127.0.0.1'),
	(210, '2012-11-02 23:38:35', 'receipts', 'insert', 1, '127.0.0.1'),
	(211, '2012-11-02 23:55:40', 'application_details', 'insert', 1, '127.0.0.1'),
	(212, '2012-11-02 23:55:40', 'booking_details', 'insert', 1, '127.0.0.1'),
	(213, '2012-11-02 23:55:40', 'receipts', 'insert', 1, '127.0.0.1'),
	(214, '2012-11-03 00:12:42', 'application_details', 'insert', 1, '127.0.0.1'),
	(215, '2012-11-03 00:12:42', 'booking_details', 'insert', 1, '127.0.0.1'),
	(216, '2012-11-03 00:12:43', 'receipts', 'insert', 1, '127.0.0.1'),
	(217, '2012-11-03 00:51:32', 'application_details', 'insert', 1, '127.0.0.1'),
	(218, '2012-11-03 00:51:33', 'booking_details', 'insert', 1, '127.0.0.1'),
	(219, '2012-11-03 00:51:33', 'receipts', 'insert', 1, '127.0.0.1'),
	(220, '2012-11-03 16:59:17', 'booking_details', 'update', 1, '127.0.0.1'),
	(221, '2012-11-03 16:59:17', 'booking_details', 'update', 1, '127.0.0.1'),
	(222, '2012-11-03 16:59:17', 'payments', 'insert', 1, '127.0.0.1'),
	(223, '2012-11-03 16:59:17', 'payments', 'insert', 1, '127.0.0.1'),
	(224, '2012-11-03 17:02:04', 'booking_details', 'update', 1, '127.0.0.1'),
	(225, '2012-11-03 17:02:04', 'booking_details', 'update', 1, '127.0.0.1'),
	(226, '2012-11-03 17:02:04', 'booking_details', 'update', 1, '127.0.0.1'),
	(227, '2012-11-03 17:02:04', 'payments', 'insert', 1, '127.0.0.1'),
	(228, '2012-11-03 17:02:04', 'payments', 'insert', 1, '127.0.0.1'),
	(229, '2012-11-03 17:02:05', 'payments', 'insert', 1, '127.0.0.1'),
	(230, '2012-11-03 17:07:22', 'booking_details', 'update', 1, '127.0.0.1'),
	(231, '2012-11-03 17:07:22', 'booking_details', 'update', 1, '127.0.0.1'),
	(232, '2012-11-03 17:07:22', 'payments', 'insert', 1, '127.0.0.1'),
	(233, '2012-11-03 17:07:22', 'payments', 'insert', 1, '127.0.0.1'),
	(234, '2012-11-03 17:08:56', 'booking_details', 'update', 1, '127.0.0.1'),
	(235, '2012-11-03 17:08:56', 'payments', 'insert', 1, '127.0.0.1'),
	(236, '2012-11-03 17:26:26', 'application_details', 'insert', 1, '127.0.0.1'),
	(237, '2012-11-03 17:26:26', 'booking_details', 'insert', 1, '127.0.0.1'),
	(238, '2012-11-03 17:26:26', 'receipts', 'insert', 1, '127.0.0.1'),
	(239, '2012-11-03 17:28:47', 'booking_details', 'update', 1, '127.0.0.1'),
	(240, '2012-11-03 17:28:47', 'payments', 'insert', 1, '127.0.0.1'),
	(241, '2012-11-04 13:06:45', 'blocks', 'update', 1, '127.0.0.1'),
	(242, '2012-11-04 13:07:09', 'blocks', 'update', 1, '127.0.0.1'),
	(243, '2012-11-04 13:07:30', 'blocks', 'update', 1, '127.0.0.1'),
	(244, '2012-11-04 13:07:40', 'blocks', 'update', 1, '127.0.0.1'),
	(245, '2012-11-04 13:09:08', 'rooms', 'update', 1, '127.0.0.1'),
	(246, '2012-11-04 13:12:43', 'blocks', 'update', 1, '127.0.0.1'),
	(247, '2012-11-04 13:13:22', 'blocks', 'update', 1, '127.0.0.1'),
	(248, '2012-11-04 13:13:40', 'rooms', 'update', 1, '127.0.0.1'),
	(249, '2012-11-04 13:16:14', 'application_details', 'insert', 1, '127.0.0.1'),
	(250, '2012-11-04 13:16:14', 'booking_details', 'insert', 1, '127.0.0.1'),
	(251, '2012-11-04 13:16:14', 'receipts', 'insert', 1, '127.0.0.1'),
	(252, '2012-11-04 13:48:30', 'users', 'update', 1, '127.0.0.1'),
	(253, '2012-11-04 13:53:10', 'rooms', 'update', 1, '127.0.0.1'),
	(254, '2012-11-04 14:03:03', 'application_details', 'insert', 1, '127.0.0.1'),
	(255, '2012-11-04 14:03:03', 'booking_details', 'insert', 1, '127.0.0.1'),
	(256, '2012-11-04 14:03:03', 'receipts', 'insert', 1, '127.0.0.1'),
	(257, '2012-11-04 14:07:55', 'booking_details', 'update', 1, '127.0.0.1'),
	(258, '2012-11-04 14:07:55', 'payments', 'insert', 1, '127.0.0.1'),
	(259, '2012-11-04 15:47:18', 'application_details', 'insert', 1, '127.0.0.1'),
	(260, '2012-11-04 15:47:18', 'booking_details', 'insert', 1, '127.0.0.1'),
	(261, '2012-11-04 15:47:18', 'receipts', 'insert', 1, '127.0.0.1'),
	(262, '2012-11-07 23:45:42', 'application_details', 'insert', 1, '127.0.0.1'),
	(263, '2012-11-07 23:45:42', 'booking_details', 'insert', 1, '127.0.0.1'),
	(264, '2012-11-07 23:45:43', 'receipts', 'insert', 1, '127.0.0.1'),
	(265, '2012-11-08 00:25:55', 'application_details', 'insert', 1, '127.0.0.1'),
	(266, '2012-11-08 00:25:55', 'booking_details', 'insert', 1, '127.0.0.1'),
	(267, '2012-11-08 00:25:55', 'receipts', 'insert', 1, '127.0.0.1'),
	(268, '2012-11-08 00:29:15', 'booking_details', 'update', 1, '127.0.0.1'),
	(269, '2012-11-08 00:29:15', 'payments', 'insert', 1, '127.0.0.1'),
	(270, '2012-11-08 22:59:36', 'application_details', 'insert', 1, '127.0.0.1'),
	(271, '2012-11-08 22:59:37', 'booking_details', 'insert', 1, '127.0.0.1'),
	(272, '2012-11-08 22:59:37', 'receipts', 'insert', 1, '127.0.0.1'),
	(273, '2012-11-11 23:54:21', 'application_details', 'insert', 1, '127.0.0.1'),
	(274, '2012-11-11 23:54:22', 'booking_details', 'insert', 1, '127.0.0.1'),
	(275, '2012-11-11 23:54:22', 'receipts', 'insert', 1, '127.0.0.1'),
	(276, '2012-11-20 22:36:51', 'application_details', 'insert', 1, '127.0.0.1'),
	(277, '2012-11-20 22:36:51', 'booking_details', 'insert', 1, '127.0.0.1'),
	(278, '2012-11-20 22:36:51', 'receipts', 'insert', 1, '127.0.0.1'),
	(279, '2012-11-20 22:38:46', 'application_details', 'insert', 1, '127.0.0.1'),
	(280, '2012-11-20 22:38:46', 'booking_details', 'insert', 1, '127.0.0.1'),
	(281, '2012-11-20 22:38:46', 'receipts', 'insert', 1, '127.0.0.1'),
	(282, '2013-08-15 10:31:51', 'application_details', 'insert', 1, '127.0.0.1'),
	(283, '2013-08-15 10:31:51', 'booking_details', 'insert', 1, '127.0.0.1'),
	(284, '2013-08-15 10:31:51', 'receipts', 'insert', 1, '127.0.0.1'),
	(285, '2013-08-15 10:36:45', 'application_details', 'insert', 1, '127.0.0.1'),
	(286, '2013-08-15 10:36:45', 'booking_details', 'insert', 1, '127.0.0.1'),
	(287, '2013-08-15 10:36:45', 'receipts', 'insert', 1, '127.0.0.1'),
	(288, '2013-08-15 10:39:22', 'booking_details', 'update', 1, '127.0.0.1'),
	(289, '2013-08-15 10:39:22', 'payments', 'insert', 1, '127.0.0.1'),
	(290, '2013-08-15 10:48:59', 'application_details', 'insert', 1, '127.0.0.1'),
	(291, '2013-08-15 10:48:59', 'booking_details', 'insert', 1, '127.0.0.1'),
	(292, '2013-08-15 10:48:59', 'receipts', 'insert', 1, '127.0.0.1'),
	(293, '2013-08-15 11:12:10', 'blocks', 'update', 1, '127.0.0.1'),
	(294, '2013-08-15 11:12:50', 'blocks', 'update', 1, '127.0.0.1'),
	(295, '2013-08-15 11:13:25', 'rooms', 'update', 1, '127.0.0.1'),
	(296, '2013-08-15 11:14:01', 'rooms', 'update', 1, '127.0.0.1'),
	(297, '2013-08-15 11:15:10', 'rooms', 'update', 1, '127.0.0.1'),
	(298, '2013-08-15 11:15:31', 'rooms', 'update', 1, '127.0.0.1'),
	(299, '2013-08-25 14:32:06', 'application_details', 'insert', 1, '127.0.0.1'),
	(300, '2013-08-25 14:32:06', 'booking_details', 'insert', 1, '127.0.0.1'),
	(301, '2013-08-25 14:32:06', 'receipts', 'insert', 1, '127.0.0.1'),
	(302, '2013-08-25 14:33:42', 'application_details', 'insert', 1, '127.0.0.1'),
	(303, '2013-08-25 14:33:42', 'booking_details', 'insert', 1, '127.0.0.1'),
	(304, '2013-08-25 14:33:43', 'receipts', 'insert', 1, '127.0.0.1'),
	(305, '2013-08-25 14:36:09', 'booking_details', 'update', 1, '127.0.0.1'),
	(306, '2013-08-25 14:36:09', 'payments', 'insert', 1, '127.0.0.1'),
	(307, '2013-08-25 14:37:44', 'application_details', 'insert', 1, '127.0.0.1'),
	(308, '2013-08-25 14:37:44', 'booking_details', 'insert', 1, '127.0.0.1'),
	(309, '2013-08-25 14:37:44', 'receipts', 'insert', 1, '127.0.0.1'),
	(310, '2013-08-25 14:47:28', 'rooms', 'update', 1, '127.0.0.1'),
	(311, '2013-08-25 14:57:13', 'blocks', 'insert', 1, '127.0.0.1'),
	(312, '2013-08-25 14:58:58', 'rooms', 'insert', 1, '127.0.0.1'),
	(313, '2013-08-25 14:59:50', 'rooms', 'insert', 1, '127.0.0.1'),
	(314, '2013-08-25 15:00:00', 'rooms', 'insert', 1, '127.0.0.1'),
	(315, '2013-08-25 15:00:01', 'rooms', 'insert', 1, '127.0.0.1'),
	(316, '2013-08-25 15:00:01', 'rooms', 'insert', 1, '127.0.0.1'),
	(317, '2013-08-25 15:00:02', 'rooms', 'insert', 1, '127.0.0.1'),
	(318, '2013-08-25 15:00:02', 'rooms', 'insert', 1, '127.0.0.1'),
	(319, '2013-08-25 15:00:41', 'rooms', 'insert', 1, '127.0.0.1'),
	(320, '2013-08-25 15:01:07', 'rooms', 'update', 1, '127.0.0.1'),
	(321, '2013-08-25 15:02:13', 'rooms', 'update', 1, '127.0.0.1'),
	(322, '2013-08-25 15:04:40', 'rooms', 'update', 1, '127.0.0.1'),
	(323, '2013-08-25 15:08:17', 'rooms', 'insert', 1, '127.0.0.1'),
	(324, '2013-08-25 15:08:39', 'rooms', 'insert', 1, '127.0.0.1'),
	(325, '2013-08-25 15:09:10', 'blocks', 'insert', 1, '127.0.0.1'),
	(326, '2013-08-25 15:09:37', 'rooms', 'insert', 1, '127.0.0.1'),
	(327, '2013-08-25 15:10:21', 'blocks', 'update', 1, '127.0.0.1'),
	(328, '2013-08-25 15:12:11', 'blocks', 'insert', 1, '127.0.0.1'),
	(329, '2013-08-25 15:12:36', 'rooms', 'insert', 1, '127.0.0.1'),
	(330, '2013-08-25 15:13:22', 'blocks', 'update', 1, '127.0.0.1'),
	(331, '2013-08-25 15:13:57', 'rooms', 'insert', 1, '127.0.0.1'),
	(332, '2013-08-25 15:14:02', 'rooms', 'insert', 1, '127.0.0.1'),
	(333, '2013-08-25 15:14:02', 'rooms', 'insert', 1, '127.0.0.1'),
	(334, '2013-08-25 15:14:02', 'rooms', 'insert', 1, '127.0.0.1'),
	(335, '2013-08-25 15:14:36', 'rooms', 'insert', 1, '127.0.0.1'),
	(336, '2013-08-25 15:23:47', 'application_details', 'insert', 1, '127.0.0.1'),
	(337, '2013-08-25 15:23:47', 'booking_details', 'insert', 1, '127.0.0.1'),
	(338, '2013-08-25 15:23:47', 'receipts', 'insert', 1, '127.0.0.1'),
	(339, '2013-08-25 15:43:27', 'blocks', 'update', 1, '127.0.0.1'),
	(340, '2013-08-25 15:44:01', 'rooms', 'insert', 1, '127.0.0.1'),
	(341, '2013-08-25 15:47:08', 'users', 'insert', 1, '127.0.0.1'),
	(342, '2013-08-25 15:53:46', 'rooms', 'insert', 1, '127.0.0.1'),
	(343, '2013-08-25 15:54:10', 'rooms', 'insert', 1, '127.0.0.1'),
	(344, '2013-08-25 15:55:30', 'application_details', 'insert', 1, '127.0.0.1'),
	(345, '2013-08-25 15:55:30', 'booking_details', 'insert', 1, '127.0.0.1'),
	(346, '2013-08-25 15:55:30', 'receipts', 'insert', 1, '127.0.0.1'),
	(347, '2013-08-25 16:24:48', 'application_details', 'insert', 1, '127.0.0.1'),
	(348, '2013-08-25 16:24:48', 'booking_details', 'insert', 1, '127.0.0.1'),
	(349, '2013-08-25 16:24:48', 'receipts', 'insert', 1, '127.0.0.1'),
	(350, '2013-09-08 22:38:37', 'application_details', 'insert', 1, '192.168.0.100'),
	(351, '2013-09-08 22:38:37', 'booking_details', 'insert', 1, '192.168.0.100'),
	(352, '2013-09-08 22:38:37', 'receipts', 'insert', 1, '192.168.0.100'),
	(353, '2013-09-10 00:22:45', 'application_details', 'insert', 1, '192.168.0.100'),
	(354, '2013-09-10 00:22:46', 'booking_details', 'insert', 1, '192.168.0.100'),
	(355, '2013-09-10 00:22:46', 'receipts', 'insert', 1, '192.168.0.100'),
	(356, '2013-09-10 22:52:52', 'application_details', 'insert', 1, '192.168.0.100'),
	(357, '2013-09-10 22:52:52', 'booking_details', 'insert', 1, '192.168.0.100'),
	(358, '2013-09-10 22:52:52', 'receipts', 'insert', 1, '192.168.0.100'),
	(359, '2013-09-11 00:27:46', 'application_details', 'insert', 1, '192.168.0.100'),
	(360, '2013-09-11 00:27:47', 'booking_details', 'insert', 1, '192.168.0.100'),
	(361, '2013-09-11 00:27:47', 'receipts', 'insert', 1, '192.168.0.100'),
	(362, '2013-09-11 21:30:52', 'application_details', 'insert', 1, '192.168.0.100'),
	(363, '2013-09-11 21:30:53', 'booking_details', 'insert', 1, '192.168.0.100'),
	(364, '2013-09-11 21:30:53', 'receipts', 'insert', 1, '192.168.0.100'),
	(365, '2014-12-28 14:55:20', 'application_details', 'insert', 1, '127.0.0.1'),
	(366, '2014-12-28 14:56:16', 'application_details', 'insert', 1, '127.0.0.1'),
	(367, '2014-12-28 15:07:59', 'application_details', 'insert', 1, '127.0.0.1'),
	(368, '2014-12-28 15:10:55', 'application_details', 'insert', 1, '127.0.0.1'),
	(369, '2014-12-28 15:13:08', 'application_details', 'insert', 1, '127.0.0.1'),
	(370, '2014-12-28 15:13:08', 'booking_details', 'insert', 1, '127.0.0.1'),
	(371, '2014-12-28 15:13:08', 'receipts', 'insert', 1, '127.0.0.1'),
	(372, '2014-12-28 15:20:01', 'booking_details', 'update', 1, '127.0.0.1'),
	(373, '2014-12-28 15:20:01', 'payments', 'insert', 1, '127.0.0.1'),
	(374, '2014-12-28 15:45:10', 'blocks', 'update', 1, '127.0.0.1'),
	(375, '2014-12-28 15:49:27', 'application_details', 'insert', 1, '127.0.0.1'),
	(376, '2014-12-28 15:49:28', 'booking_details', 'insert', 1, '127.0.0.1'),
	(377, '2014-12-28 15:49:28', 'receipts', 'insert', 1, '127.0.0.1'),
	(378, '2014-12-28 16:30:24', 'booking_details', 'update', 1, '127.0.0.1'),
	(379, '2014-12-28 16:30:24', 'payments', 'insert', 1, '127.0.0.1'),
	(380, '2014-12-28 17:23:43', 'application_details', 'insert', 1, '127.0.0.1'),
	(381, '2014-12-28 17:23:43', 'booking_details', 'insert', 1, '127.0.0.1'),
	(382, '2014-12-28 17:23:43', 'receipts', 'insert', 1, '127.0.0.1');
/*!40000 ALTER TABLE `update_history_main_php` ENABLE KEYS */;


-- Dumping structure for table yg_temple.users
CREATE TABLE IF NOT EXISTS `users` (
  `id` bigint(10) NOT NULL AUTO_INCREMENT,
  `emp_fname` varchar(100) DEFAULT NULL,
  `emp_lname` varchar(100) DEFAULT NULL,
  `emp_id` varchar(100) DEFAULT NULL,
  `user_name` varchar(100) DEFAULT NULL,
  `password` varchar(10) DEFAULT NULL,
  `emp_role` int(11) DEFAULT NULL,
  `status` enum('1','0') DEFAULT '1',
  `created_by` int(2) DEFAULT NULL,
  `created_date` datetime DEFAULT NULL,
  `modified_by` int(2) DEFAULT NULL,
  `modified_date` datetime DEFAULT NULL,
  `ipaddress` varchar(100) DEFAULT NULL,
  PRIMARY KEY (`id`)
) ENGINE=InnoDB AUTO_INCREMENT=7 DEFAULT CHARSET=latin1;

-- Dumping data for table yg_temple.users: ~6 rows (approximately)
DELETE FROM `users`;
/*!40000 ALTER TABLE `users` DISABLE KEYS */;
INSERT INTO `users` (`id`, `emp_fname`, `emp_lname`, `emp_id`, `user_name`, `password`, `emp_role`, `status`, `created_by`, `created_date`, `modified_by`, `modified_date`, `ipaddress`) VALUES
	(1, 'Admin', 'Admin', '1', 'admin', '12345', 1, '1', NULL, NULL, NULL, NULL, NULL),
	(2, 'AEO1', 'AEO1', '1', 'aeo', '12345', 2, '1', NULL, NULL, 1, '2012-10-30 18:55:37', '127.0.0.1'),
	(3, 'superintendent', 'superintendent', '1', 'super', '12345', 3, '1', NULL, NULL, NULL, NULL, NULL),
	(4, 'operator', '1', '1', 'operator1', '12345', 4, '1', NULL, NULL, 1, '2012-11-04 08:18:30', '127.0.0.1'),
	(5, 'Operator', '2', 'asd', 'operator2', '12345', 4, '1', 1, '2012-10-30 18:57:20', 1, '2012-10-30 18:57:20', '127.0.0.1'),
	(6, 'operator', '3', '665', 'operator3', '12345', 4, '1', 1, '2013-08-25 10:17:08', 1, '2013-08-25 10:17:08', '127.0.0.1');
/*!40000 ALTER TABLE `users` ENABLE KEYS */;


-- Dumping structure for trigger yg_temple.replace_room
SET @OLDTMP_SQL_MODE=@@SQL_MODE, SQL_MODE='';
DELIMITER //
CREATE TRIGGER `replace_room` AFTER UPDATE ON `booking_details` FOR EACH ROW BEGIN
if(old.blocks_id <> new.blocks_id)
THEN
insert into replaced_booking_details(`old_blocks_id`,`old_rooms_id`,`new_blocks_id`,`new_rooms_id`) values (old.blocks_id,old.rooms_id,new.blocks_id,new.rooms_id);
end if;
END//
DELIMITER ;
SET SQL_MODE=@OLDTMP_SQL_MODE;
/*!40101 SET SQL_MODE=IFNULL(@OLD_SQL_MODE, '') */;
/*!40014 SET FOREIGN_KEY_CHECKS=IF(@OLD_FOREIGN_KEY_CHECKS IS NULL, 1, @OLD_FOREIGN_KEY_CHECKS) */;
/*!40101 SET CHARACTER_SET_CLIENT=@OLD_CHARACTER_SET_CLIENT */;
