-- --------------------------------------------------------
-- Host:                         127.0.0.1
-- Server version:               5.5.16-log - MySQL Community Server (GPL)
-- Server OS:                    Win32
-- HeidiSQL version:             7.0.0.4053
-- Date/time:                    2013-08-25 16:59:07
-- --------------------------------------------------------

/*!40101 SET @OLD_CHARACTER_SET_CLIENT=@@CHARACTER_SET_CLIENT */;
/*!40101 SET NAMES utf8 */;
/*!40014 SET FOREIGN_KEY_CHECKS=0 */;

-- Dumping database structure for vemulavada_temple
DROP DATABASE IF EXISTS `vemulavada_temple`;
CREATE DATABASE IF NOT EXISTS `vemulavada_temple` /*!40100 DEFAULT CHARACTER SET latin1 */;
USE `vemulavada_temple`;


-- Dumping structure for table vemulavada_temple.application_details
DROP TABLE IF EXISTS `application_details`;
CREATE TABLE IF NOT EXISTS `application_details` (
  `id` bigint(10) NOT NULL AUTO_INCREMENT,
  `application_id` varchar(100) DEFAULT NULL,
  `customer_id` varchar(100) DEFAULT NULL,
  `applicant_name` varchar(255) DEFAULT NULL,
  `phone_no` varchar(255) DEFAULT NULL,
  `applicant_address` text,
  `address_proof` varchar(255) DEFAULT NULL,
  `image_path` varchar(255) DEFAULT NULL,
  `vip_quota` enum('1','0') DEFAULT '0' COMMENT '1 for vip quota 2 for non vip quota',
  `vip_ref_by` varchar(255) DEFAULT NULL,
  `no_of_persons` int(11) DEFAULT NULL,
  `created_by` int(11) DEFAULT NULL,
  `created_date` datetime DEFAULT NULL,
  `modified_by` int(11) DEFAULT NULL,
  `modified_date` datetime DEFAULT NULL,
  `ipaddress` varchar(100) DEFAULT NULL,
  PRIMARY KEY (`id`)
) ENGINE=InnoDB AUTO_INCREMENT=12 DEFAULT CHARSET=latin1;

-- Dumping data for table vemulavada_temple.application_details: ~11 rows (approximately)
DELETE FROM `application_details`;
/*!40000 ALTER TABLE `application_details` DISABLE KEYS */;
INSERT INTO `application_details` (`id`, `application_id`, `customer_id`, `applicant_name`, `phone_no`, `applicant_address`, `address_proof`, `image_path`, `vip_quota`, `vip_ref_by`, `no_of_persons`, `created_by`, `created_date`, `modified_by`, `modified_date`, `ipaddress`) VALUES
	(1, '11_1', '000000000120112012', 'Naren', '9999999999', 'hyd', 'aa', NULL, '0', '', 3, 4, '2012-11-20 22:36:51', 4, '2012-11-20 22:36:51', '127.0.0.1'),
	(2, '12_2', '000000000220112012', 'ddd', '4444444444', 'eee', 'e', NULL, '0', '', 2, 4, '2012-11-20 22:38:46', 4, '2012-11-20 22:38:46', '127.0.0.1'),
	(3, '123_3', '000000000315082013', 'Kumar', '9999999999', 'hyd', 'driving lic', NULL, '0', '', 4, 4, '2013-08-15 10:31:51', 4, '2013-08-15 10:31:51', '127.0.0.1'),
	(4, '211_4', '000000000415082013', 'k1', '9999999999', 'hyd', 'ddd', NULL, '0', '', 5, 4, '2013-08-15 10:36:45', 4, '2013-08-15 10:36:45', '127.0.0.1'),
	(5, '111_5', '000000000515082013', 'kkk', '9999999999', 'hyd', 'ddd', NULL, '0', '', 3, 4, '2013-08-15 10:48:59', 4, '2013-08-15 10:48:59', '127.0.0.1'),
	(6, '1_6', '000000000625082013', 'rajashekar', '9898989898', 'hyd', 'akkdfjkdfjksd', NULL, '0', '', 4, 4, '2013-08-25 14:32:06', 4, '2013-08-25 14:32:06', '127.0.0.1'),
	(7, '2_7', '000000000725082013', 'test', '878787878', 'sadf', 'asdf', NULL, '0', '', 3, 4, '2013-08-25 14:33:42', 4, '2013-08-25 14:33:42', '127.0.0.1'),
	(8, '3_8', '000000000825082013', 'test', '343434343', 'test', 'test', NULL, '0', '', 4, 4, '2013-08-25 14:37:44', 4, '2013-08-25 14:37:44', '127.0.0.1'),
	(9, '1_9', '000000000925082013', 'rtyyu', '252555', 'ghiopo', 'ooo', NULL, '0', '', 4, 4, '2013-08-25 15:23:47', 4, '2013-08-25 15:23:47', '127.0.0.1'),
	(10, '111_10', '000000001025082013', 'fgfd', '353543', 'gfdgfd', 'tre', NULL, '0', '', 4, 4, '2013-08-25 15:55:30', 4, '2013-08-25 15:55:30', '127.0.0.1'),
	(11, '999_11', '000000001125082013', 'adsa', '4645654', 'fgd', 'dfgd', NULL, '0', '', 4, 4, '2013-08-25 16:24:48', 4, '2013-08-25 16:24:48', '127.0.0.1');
/*!40000 ALTER TABLE `application_details` ENABLE KEYS */;


-- Dumping structure for table vemulavada_temple.attachments
DROP TABLE IF EXISTS `attachments`;
CREATE TABLE IF NOT EXISTS `attachments` (
  `id` int(10) NOT NULL AUTO_INCREMENT,
  `db_file_name` varchar(255) DEFAULT NULL,
  `original_file_name` varchar(255) DEFAULT NULL,
  `url` varchar(255) DEFAULT NULL,
  `global_id` int(9) DEFAULT NULL,
  `status` enum('1','0') DEFAULT '1',
  `date_added` timestamp NULL DEFAULT CURRENT_TIMESTAMP,
  `last_modified` timestamp NOT NULL DEFAULT '0000-00-00 00:00:00',
  `ip_address` varchar(50) NOT NULL,
  PRIMARY KEY (`id`)
) ENGINE=InnoDB AUTO_INCREMENT=7 DEFAULT CHARSET=latin1;

-- Dumping data for table vemulavada_temple.attachments: ~6 rows (approximately)
DELETE FROM `attachments`;
/*!40000 ALTER TABLE `attachments` DISABLE KEYS */;
INSERT INTO `attachments` (`id`, `db_file_name`, `original_file_name`, `url`, `global_id`, `status`, `date_added`, `last_modified`, `ip_address`) VALUES
	(1, '1353431206_32756_Koala.jpg', 'Koala.jpg', 'uploads/1353431206_32756_Koala.jpg', 1, '1', '2012-11-20 22:36:51', '2012-11-20 22:36:51', '127.0.0.1'),
	(2, '1353431323_16856_Chrysanthemum.jpg', 'Chrysanthemum.jpg', 'uploads/1353431323_16856_Chrysanthemum.jpg', 2, '1', '2012-11-20 22:38:46', '2012-11-20 22:38:46', '127.0.0.1'),
	(3, '1376542897_20080_54_002.jpg', '54_002.jpg', 'uploads/1376542897_20080_54_002.jpg', 3, '1', '2013-08-15 10:31:51', '2013-08-15 10:31:51', '127.0.0.1'),
	(4, '1376543193_31624_55_003.jpg', '55_003.jpg', 'uploads/1376543193_31624_55_003.jpg', 4, '1', '2013-08-15 10:36:45', '2013-08-15 10:36:45', '127.0.0.1'),
	(5, '1376543934_16827_60_008.jpg', '60_008.jpg', 'uploads/1376543934_16827_60_008.jpg', 5, '1', '2013-08-15 10:48:59', '2013-08-15 10:48:59', '127.0.0.1'),
	(6, '1377421419_4729_Desert.jpg', 'Desert.jpg', 'uploads/1377421419_4729_Desert.jpg', 7, '1', '2013-08-25 14:33:43', '2013-08-25 14:33:43', '127.0.0.1');
/*!40000 ALTER TABLE `attachments` ENABLE KEYS */;


-- Dumping structure for table vemulavada_temple.blocks
DROP TABLE IF EXISTS `blocks`;
CREATE TABLE IF NOT EXISTS `blocks` (
  `id` int(10) NOT NULL AUTO_INCREMENT,
  `name` varchar(255) CHARACTER SET latin1 DEFAULT NULL,
  `telugu_name` varchar(255) DEFAULT NULL,
  `status` enum('1','0') CHARACTER SET latin1 DEFAULT '1',
  `created_by` int(11) DEFAULT NULL,
  `created_date` datetime DEFAULT NULL,
  `modified_by` int(11) DEFAULT NULL,
  `modified_date` datetime DEFAULT NULL,
  `ipaddress` varchar(100) CHARACTER SET latin1 DEFAULT NULL,
  PRIMARY KEY (`id`)
) ENGINE=InnoDB AUTO_INCREMENT=10 DEFAULT CHARSET=utf8;

-- Dumping data for table vemulavada_temple.blocks: ~9 rows (approximately)
DELETE FROM `blocks`;
/*!40000 ALTER TABLE `blocks` DISABLE KEYS */;
INSERT INTO `blocks` (`id`, `name`, `telugu_name`, `status`, `created_by`, `created_date`, `modified_by`, `modified_date`, `ipaddress`) VALUES
	(1, 'Rajeshwarapuram\r\n', 'uploads/blocks/rajeshwarapuram.png', '1', NULL, NULL, NULL, NULL, NULL),
	(2, 'Parvathipuram', 'uploads/blocks/parvathipuram.png', '1', NULL, NULL, 1, '2012-11-04 07:37:40', '127.0.0.1'),
	(3, 'Nandeeshwara Complex', 'uploads/blocks/nandeeshwaracomplex.png', '1', NULL, NULL, 1, '2012-11-04 07:37:30', '127.0.0.1'),
	(4, 'Laxmiganapathi Complex\r\n', 'uploads/blocks/laxmiganapathicomplex.png', '1', NULL, NULL, NULL, NULL, NULL),
	(5, 'Shivapuram \r\n', 'uploads/blocks/shivapuram.png', '1', NULL, NULL, NULL, NULL, NULL),
	(6, 'Shankerapuram\r\n', 'uploads/blocks/shankerapuram.png', '1', NULL, NULL, NULL, NULL, NULL),
	(7, 'Ammavari Complex  A/C', 'uploads/blocks/ammavaricomplex.png', '1', NULL, NULL, 1, '2013-08-15 05:42:50', '127.0.0.1'),
	(8, 'Bheemeshwara Guest House A/C\r\n', 'uploads/blocks/bheemeshwaragueshouse.png', '1', NULL, NULL, NULL, NULL, NULL),
	(9, 'Nandeeswara Complex Suits (A/C)', NULL, '1', 1, '2013-08-25 09:42:11', 1, '2013-08-25 10:13:27', '127.0.0.1');
/*!40000 ALTER TABLE `blocks` ENABLE KEYS */;


-- Dumping structure for table vemulavada_temple.booking_details
DROP TABLE IF EXISTS `booking_details`;
CREATE TABLE IF NOT EXISTS `booking_details` (
  `id` bigint(10) NOT NULL AUTO_INCREMENT,
  `application_details_id` bigint(10) DEFAULT NULL,
  `blocks_id` bigint(10) DEFAULT NULL,
  `rooms_id` int(11) DEFAULT NULL,
  `from_date` datetime DEFAULT NULL,
  `to_date` datetime DEFAULT NULL,
  `checkout_date` datetime DEFAULT NULL,
  `no_of_days` int(11) DEFAULT NULL,
  `booking_type` enum('1','2') DEFAULT '1' COMMENT '1 for current booking 2 for advance booking',
  `booked_status` enum('1','0') DEFAULT '1' COMMENT '1 for booked condition 0 for checkout',
  `created_by` int(11) DEFAULT NULL,
  `created_date` datetime DEFAULT NULL,
  `modified_by` int(11) DEFAULT NULL,
  `modified_date` datetime DEFAULT NULL,
  `ipaddress` varchar(100) DEFAULT NULL,
  PRIMARY KEY (`id`)
) ENGINE=InnoDB AUTO_INCREMENT=12 DEFAULT CHARSET=latin1;

-- Dumping data for table vemulavada_temple.booking_details: ~11 rows (approximately)
DELETE FROM `booking_details`;
/*!40000 ALTER TABLE `booking_details` DISABLE KEYS */;
INSERT INTO `booking_details` (`id`, `application_details_id`, `blocks_id`, `rooms_id`, `from_date`, `to_date`, `checkout_date`, `no_of_days`, `booking_type`, `booked_status`, `created_by`, `created_date`, `modified_by`, `modified_date`, `ipaddress`) VALUES
	(1, 1, 1, 5, '2012-11-20 22:36:51', '2012-11-21 22:36:51', '2012-11-21 22:36:51', 1, '1', '0', 4, '2012-11-20 22:36:51', 4, '2012-11-20 22:36:51', '127.0.0.1'),
	(2, 2, 1, 6, '2012-11-20 22:38:46', '2012-11-21 22:38:46', '2012-11-21 22:38:46', 1, '1', '0', 4, '2012-11-20 22:38:46', 4, '2012-11-20 22:38:46', '127.0.0.1'),
	(3, 3, 1, 5, '2013-08-15 10:31:51', '2013-08-15 10:39:22', '2013-08-16 10:31:51', 1, '1', '0', 4, '2013-08-15 10:31:51', 4, '2013-08-15 10:39:22', '127.0.0.1'),
	(4, 4, 1, 7, '2013-08-15 10:36:45', '2013-08-16 10:36:45', '2013-08-16 10:36:45', 1, '1', '0', 4, '2013-08-15 10:36:45', 4, '2013-08-15 10:36:45', '127.0.0.1'),
	(5, 5, 2, 33, '2013-08-15 10:48:59', '2013-08-16 10:48:59', '2013-08-16 10:48:59', 1, '1', '0', 4, '2013-08-15 10:48:59', 4, '2013-08-15 10:48:59', '127.0.0.1'),
	(6, 6, 1, 10, '2013-08-25 14:32:06', '2013-08-25 14:36:09', '2013-08-26 14:32:06', 1, '1', '0', 4, '2013-08-25 14:32:06', 4, '2013-08-25 14:36:09', '127.0.0.1'),
	(7, 7, 1, 12, '2013-08-25 14:33:42', '2013-08-26 14:33:42', '2013-08-26 14:33:42', 1, '1', '1', 4, '2013-08-25 14:33:42', 4, '2013-08-25 14:33:42', '127.0.0.1'),
	(8, 8, 3, 161, '2013-08-25 14:37:44', '2013-08-26 14:37:44', '2013-08-26 14:37:44', 1, '1', '1', 4, '2013-08-25 14:37:44', 4, '2013-08-25 14:37:44', '127.0.0.1'),
	(9, 9, 1, 11, '2013-08-25 15:23:47', '2013-08-26 15:23:47', '2013-08-26 15:23:47', 1, '1', '1', 4, '2013-08-25 15:23:47', 4, '2013-08-25 15:23:47', '127.0.0.1'),
	(10, 10, 9, 491, '2013-08-25 15:55:30', '2013-08-26 15:55:30', '2013-08-26 15:55:30', 1, '1', '1', 4, '2013-08-25 15:55:30', 4, '2013-08-25 15:55:30', '127.0.0.1'),
	(11, 11, 1, 7, '2013-08-25 16:24:48', '2013-08-26 16:24:48', '2013-08-26 16:24:48', 1, '1', '1', 4, '2013-08-25 16:24:48', 4, '2013-08-25 16:24:48', '127.0.0.1');
/*!40000 ALTER TABLE `booking_details` ENABLE KEYS */;


-- Dumping structure for table vemulavada_temple.booking_history_details
DROP TABLE IF EXISTS `booking_history_details`;
CREATE TABLE IF NOT EXISTS `booking_history_details` (
  `id` bigint(10) NOT NULL AUTO_INCREMENT,
  `application_details_id` bigint(10) DEFAULT NULL,
  `blocks_id` bigint(10) DEFAULT NULL,
  `rooms_id` int(11) DEFAULT NULL,
  `from_date` datetime DEFAULT NULL,
  `to_date` datetime DEFAULT NULL,
  `checkout_date` datetime DEFAULT NULL,
  `no_of_days` int(11) DEFAULT NULL,
  `booking_type` enum('1','2') DEFAULT '1' COMMENT '1 for current booking 2 for advance booking',
  `booked_status` enum('1','0') DEFAULT '1' COMMENT '1 for booked condition 0 for checkout',
  `created_by` int(11) DEFAULT NULL,
  `created_date` datetime DEFAULT NULL,
  `modified_by` int(11) DEFAULT NULL,
  `modified_date` datetime DEFAULT NULL,
  `ipaddress` varchar(100) DEFAULT NULL,
  PRIMARY KEY (`id`)
) ENGINE=InnoDB AUTO_INCREMENT=7 DEFAULT CHARSET=latin1;

-- Dumping data for table vemulavada_temple.booking_history_details: ~2 rows (approximately)
DELETE FROM `booking_history_details`;
/*!40000 ALTER TABLE `booking_history_details` DISABLE KEYS */;
INSERT INTO `booking_history_details` (`id`, `application_details_id`, `blocks_id`, `rooms_id`, `from_date`, `to_date`, `checkout_date`, `no_of_days`, `booking_type`, `booked_status`, `created_by`, `created_date`, `modified_by`, `modified_date`, `ipaddress`) VALUES
	(3, 3, 1, 5, '2013-08-15 10:31:51', '2013-08-15 10:39:22', '2013-08-16 10:31:51', 1, '1', '0', 4, '2013-08-15 10:31:51', 4, '2013-08-15 10:39:22', '127.0.0.1'),
	(6, 6, 1, 10, '2013-08-25 14:32:06', '2013-08-25 14:36:09', '2013-08-26 14:32:06', 1, '1', '0', 4, '2013-08-25 14:32:06', 4, '2013-08-25 14:36:09', '127.0.0.1');
/*!40000 ALTER TABLE `booking_history_details` ENABLE KEYS */;


-- Dumping structure for table vemulavada_temple.holidaydates
DROP TABLE IF EXISTS `holidaydates`;
CREATE TABLE IF NOT EXISTS `holidaydates` (
  `id` int(10) NOT NULL AUTO_INCREMENT,
  `dates` varchar(50) DEFAULT NULL,
  PRIMARY KEY (`id`)
) ENGINE=InnoDB AUTO_INCREMENT=4 DEFAULT CHARSET=latin1;

-- Dumping data for table vemulavada_temple.holidaydates: ~3 rows (approximately)
DELETE FROM `holidaydates`;
/*!40000 ALTER TABLE `holidaydates` DISABLE KEYS */;
INSERT INTO `holidaydates` (`id`, `dates`) VALUES
	(1, '12/12/2012'),
	(2, '12/13/2012'),
	(3, '12/14/2012');
/*!40000 ALTER TABLE `holidaydates` ENABLE KEYS */;


-- Dumping structure for table vemulavada_temple.payments
DROP TABLE IF EXISTS `payments`;
CREATE TABLE IF NOT EXISTS `payments` (
  `id` bigint(10) NOT NULL AUTO_INCREMENT,
  `receipt_id` varchar(50) DEFAULT NULL,
  `deposit_refund_amount` float(10,2) DEFAULT NULL,
  `damage_amount` float(10,2) DEFAULT NULL,
  `deposit_refund_by` int(11) DEFAULT NULL,
  `deposit_refund_date` datetime DEFAULT NULL,
  `status` enum('1','0') DEFAULT '1',
  `created_by` int(11) DEFAULT NULL,
  `created_date` datetime DEFAULT NULL,
  `modified_by` int(11) DEFAULT NULL,
  `modified_date` datetime DEFAULT NULL,
  `ipaddress` varchar(100) DEFAULT NULL,
  PRIMARY KEY (`id`)
) ENGINE=InnoDB AUTO_INCREMENT=3 DEFAULT CHARSET=latin1;

-- Dumping data for table vemulavada_temple.payments: ~2 rows (approximately)
DELETE FROM `payments`;
/*!40000 ALTER TABLE `payments` DISABLE KEYS */;
INSERT INTO `payments` (`id`, `receipt_id`, `deposit_refund_amount`, `damage_amount`, `deposit_refund_by`, `deposit_refund_date`, `status`, `created_by`, `created_date`, `modified_by`, `modified_date`, `ipaddress`) VALUES
	(1, '3', 150.00, 100.00, 4, '2013-08-15 10:39:22', '1', NULL, NULL, 4, '2013-08-15 10:39:22', '127.0.0.1'),
	(2, '6', 150.00, 100.00, 4, '2013-08-25 14:36:09', '1', NULL, NULL, 4, '2013-08-25 14:36:09', '127.0.0.1');
/*!40000 ALTER TABLE `payments` ENABLE KEYS */;


-- Dumping structure for table vemulavada_temple.receipts
DROP TABLE IF EXISTS `receipts`;
CREATE TABLE IF NOT EXISTS `receipts` (
  `id` bigint(10) NOT NULL AUTO_INCREMENT,
  `application_details_id` bigint(10) DEFAULT NULL,
  `booking_details_id` bigint(100) DEFAULT NULL,
  `receipt_id` varchar(50) DEFAULT NULL,
  `deposit_amt` float(10,2) DEFAULT NULL,
  `rent_amount` float(10,2) DEFAULT NULL,
  `advance_amount` float(10,2) DEFAULT NULL,
  `total_amount_paid` float(10,2) DEFAULT NULL,
  `received_by` int(11) DEFAULT NULL,
  `received_date` datetime DEFAULT NULL,
  `status` enum('1','0') DEFAULT '1',
  `modified_by` int(11) DEFAULT NULL,
  `modified_date` datetime DEFAULT NULL,
  `ipaddress` varchar(100) DEFAULT NULL,
  PRIMARY KEY (`id`)
) ENGINE=InnoDB AUTO_INCREMENT=12 DEFAULT CHARSET=latin1;

-- Dumping data for table vemulavada_temple.receipts: ~11 rows (approximately)
DELETE FROM `receipts`;
/*!40000 ALTER TABLE `receipts` DISABLE KEYS */;
INSERT INTO `receipts` (`id`, `application_details_id`, `booking_details_id`, `receipt_id`, `deposit_amt`, `rent_amount`, `advance_amount`, `total_amount_paid`, `received_by`, `received_date`, `status`, `modified_by`, `modified_date`, `ipaddress`) VALUES
	(1, 1, NULL, NULL, 0.00, 500.00, 0.00, 500.00, 4, '2012-11-20 22:36:51', '1', 4, '2012-11-20 22:36:51', '127.0.0.1'),
	(2, 2, NULL, NULL, 0.00, 500.00, 0.00, 500.00, 4, '2012-11-20 22:38:46', '1', 4, '2012-11-20 22:38:46', '127.0.0.1'),
	(3, 3, NULL, NULL, 250.00, 250.00, 0.00, 500.00, 4, '2013-08-15 10:31:51', '1', 4, '2013-08-15 10:31:51', '127.0.0.1'),
	(4, 4, NULL, NULL, 0.00, 500.00, 0.00, 500.00, 4, '2013-08-15 10:36:45', '1', 4, '2013-08-15 10:36:45', '127.0.0.1'),
	(5, 5, NULL, NULL, 0.00, 300.00, 0.00, 300.00, 4, '2013-08-15 10:48:59', '1', 4, '2013-08-15 10:48:59', '127.0.0.1'),
	(6, 6, NULL, NULL, 250.00, 250.00, 0.00, 500.00, 4, '2013-08-25 14:32:06', '1', 4, '2013-08-25 14:32:06', '127.0.0.1'),
	(7, 7, NULL, NULL, 250.00, 250.00, 0.00, 500.00, 4, '2013-08-25 14:33:42', '1', 4, '2013-08-25 14:33:42', '127.0.0.1'),
	(8, 8, NULL, NULL, 500.00, 500.00, 0.00, 1000.00, 4, '2013-08-25 14:37:44', '1', 4, '2013-08-25 14:37:44', '127.0.0.1'),
	(9, 9, NULL, NULL, 350.00, 350.00, 0.00, 700.00, 4, '2013-08-25 15:23:47', '1', 4, '2013-08-25 15:23:47', '127.0.0.1'),
	(10, 10, NULL, NULL, 2000.00, 2000.00, 0.00, 4000.00, 4, '2013-08-25 15:55:30', '1', 4, '2013-08-25 15:55:30', '127.0.0.1'),
	(11, 11, NULL, NULL, 350.00, 350.00, 0.00, 700.00, 4, '2013-08-25 16:24:48', '1', 4, '2013-08-25 16:24:48', '127.0.0.1');
/*!40000 ALTER TABLE `receipts` ENABLE KEYS */;


-- Dumping structure for table vemulavada_temple.roles
DROP TABLE IF EXISTS `roles`;
CREATE TABLE IF NOT EXISTS `roles` (
  `id` int(10) NOT NULL AUTO_INCREMENT,
  `name` varchar(100) DEFAULT NULL,
  `status` enum('1','0') DEFAULT '1',
  `created_by` int(2) DEFAULT NULL,
  `created_date` datetime DEFAULT NULL,
  `modified_by` int(2) DEFAULT NULL,
  `modified_date` datetime DEFAULT NULL,
  `ipaddress` varchar(100) DEFAULT NULL,
  PRIMARY KEY (`id`)
) ENGINE=InnoDB AUTO_INCREMENT=5 DEFAULT CHARSET=latin1;

-- Dumping data for table vemulavada_temple.roles: ~4 rows (approximately)
DELETE FROM `roles`;
/*!40000 ALTER TABLE `roles` DISABLE KEYS */;
INSERT INTO `roles` (`id`, `name`, `status`, `created_by`, `created_date`, `modified_by`, `modified_date`, `ipaddress`) VALUES
	(1, 'Admin', '1', NULL, NULL, NULL, NULL, NULL),
	(2, 'AEO', '1', NULL, NULL, NULL, NULL, NULL),
	(3, 'superintendent', '1', NULL, NULL, NULL, NULL, NULL),
	(4, 'Operator', '1', NULL, NULL, NULL, NULL, NULL);
/*!40000 ALTER TABLE `roles` ENABLE KEYS */;


-- Dumping structure for table vemulavada_temple.rooms
DROP TABLE IF EXISTS `rooms`;
CREATE TABLE IF NOT EXISTS `rooms` (
  `id` int(10) NOT NULL AUTO_INCREMENT,
  `name` varchar(255) DEFAULT NULL,
  `blocks_id` int(11) DEFAULT NULL,
  `vip_quota` enum('1','0') DEFAULT '0',
  `deposit_amt` int(11) DEFAULT '0',
  `rent_amt` int(11) DEFAULT '0',
  `status` enum('1','0') DEFAULT '1',
  `reason` text,
  `created_by` int(2) DEFAULT NULL,
  `created_date` datetime DEFAULT NULL,
  `modified_by` int(2) DEFAULT NULL,
  `modified_date` datetime DEFAULT NULL,
  `ipaddress` varchar(100) DEFAULT NULL,
  PRIMARY KEY (`id`)
) ENGINE=InnoDB AUTO_INCREMENT=499 DEFAULT CHARSET=latin1;

-- Dumping data for table vemulavada_temple.rooms: ~441 rows (approximately)
DELETE FROM `rooms`;
/*!40000 ALTER TABLE `rooms` DISABLE KEYS */;
INSERT INTO `rooms` (`id`, `name`, `blocks_id`, `vip_quota`, `deposit_amt`, `rent_amt`, `status`, `reason`, `created_by`, `created_date`, `modified_by`, `modified_date`, `ipaddress`) VALUES
	(1, '1-A/c', 1, '0', 750, 750, '1', 'mainataince', NULL, NULL, 1, '2013-08-25 09:32:13', '127.0.0.1'),
	(2, '2-A/c', 1, '0', 750, 750, '1', '', NULL, NULL, 1, '2013-08-25 09:34:40', '127.0.0.1'),
	(3, '3-A/c', 1, '0', 750, 750, '1', NULL, NULL, NULL, NULL, NULL, NULL),
	(4, '4-A/c', 1, '0', 750, 750, '1', NULL, NULL, NULL, NULL, NULL, NULL),
	(5, '5', 1, '0', 350, 350, '1', 'aa', NULL, NULL, 1, '2013-08-25 09:31:07', '127.0.0.1'),
	(6, '6', 1, '0', 350, 350, '1', NULL, NULL, NULL, NULL, NULL, NULL),
	(7, '7', 1, '0', 350, 350, '1', NULL, NULL, NULL, NULL, NULL, NULL),
	(8, '8', 1, '0', 350, 350, '1', NULL, NULL, NULL, NULL, NULL, NULL),
	(9, '9', 1, '0', 350, 350, '1', NULL, NULL, NULL, NULL, NULL, NULL),
	(10, '10', 1, '0', 350, 350, '1', NULL, NULL, NULL, NULL, NULL, NULL),
	(11, '11', 1, '0', 350, 350, '1', NULL, NULL, NULL, NULL, NULL, NULL),
	(12, '12', 1, '0', 350, 350, '1', NULL, NULL, NULL, NULL, NULL, NULL),
	(13, '13', 1, '0', 350, 350, '1', NULL, NULL, NULL, NULL, NULL, NULL),
	(14, '14', 1, '0', 350, 350, '1', NULL, NULL, NULL, NULL, NULL, NULL),
	(15, '15', 1, '0', 350, 350, '1', NULL, NULL, NULL, NULL, NULL, NULL),
	(16, '16', 1, '0', 350, 350, '1', NULL, NULL, NULL, NULL, NULL, NULL),
	(17, '17', 1, '0', 350, 350, '1', NULL, NULL, NULL, NULL, NULL, NULL),
	(18, '22', 1, '0', 350, 350, '1', NULL, NULL, NULL, NULL, NULL, NULL),
	(19, '23', 1, '0', 350, 350, '1', NULL, NULL, NULL, NULL, NULL, NULL),
	(20, '24', 1, '0', 350, 350, '1', NULL, NULL, NULL, NULL, NULL, NULL),
	(21, '25', 1, '0', 350, 350, '1', NULL, NULL, NULL, NULL, NULL, NULL),
	(22, '26', 1, '0', 350, 350, '1', NULL, NULL, NULL, NULL, NULL, NULL),
	(23, '29', 1, '0', 350, 350, '1', NULL, NULL, NULL, NULL, NULL, NULL),
	(24, '30', 1, '0', 350, 350, '1', NULL, NULL, NULL, NULL, NULL, NULL),
	(25, '31', 1, '0', 350, 350, '1', NULL, NULL, NULL, NULL, NULL, NULL),
	(26, '32', 1, '0', 350, 350, '1', NULL, NULL, NULL, NULL, NULL, NULL),
	(27, '33', 1, '0', 350, 350, '1', NULL, NULL, NULL, NULL, NULL, NULL),
	(28, '34', 1, '0', 350, 350, '1', NULL, NULL, NULL, NULL, NULL, NULL),
	(29, '35', 1, '0', 350, 350, '1', NULL, NULL, NULL, NULL, NULL, NULL),
	(30, '36', 1, '0', 350, 350, '1', NULL, NULL, NULL, NULL, NULL, NULL),
	(32, '1. A', 2, '0', 200, 200, '1', NULL, NULL, NULL, NULL, NULL, NULL),
	(33, '1. D', 2, '0', 200, 200, '1', NULL, NULL, NULL, NULL, NULL, NULL),
	(34, '3. B', 2, '0', 200, 200, '1', NULL, NULL, NULL, NULL, NULL, NULL),
	(35, '3. C', 2, '0', 200, 200, '1', NULL, NULL, NULL, NULL, NULL, NULL),
	(36, '3. D', 2, '0', 200, 200, '1', NULL, NULL, NULL, NULL, NULL, NULL),
	(37, '4. B', 2, '0', 200, 200, '1', NULL, NULL, NULL, NULL, NULL, NULL),
	(38, '4. C', 2, '0', 200, 200, '1', NULL, NULL, NULL, NULL, NULL, NULL),
	(39, '4. D', 2, '0', 200, 200, '1', NULL, NULL, NULL, NULL, NULL, NULL),
	(40, '5. B', 2, '0', 200, 200, '1', NULL, NULL, NULL, NULL, NULL, NULL),
	(41, '5. C', 2, '0', 200, 200, '1', NULL, NULL, NULL, NULL, NULL, NULL),
	(42, '5. D', 2, '0', 200, 200, '1', NULL, NULL, NULL, NULL, NULL, NULL),
	(43, '6. D', 2, '0', 200, 200, '1', NULL, NULL, NULL, NULL, NULL, NULL),
	(44, '7. B', 2, '0', 200, 200, '1', NULL, NULL, NULL, NULL, NULL, NULL),
	(45, '7. C', 2, '0', 200, 200, '1', NULL, NULL, NULL, NULL, NULL, NULL),
	(46, '7. D', 2, '0', 200, 200, '1', NULL, NULL, NULL, NULL, NULL, NULL),
	(47, '8. A', 2, '0', 200, 200, '1', NULL, NULL, NULL, NULL, NULL, NULL),
	(48, '8. B', 2, '0', 200, 200, '1', NULL, NULL, NULL, NULL, NULL, NULL),
	(49, '9. A', 2, '0', 200, 200, '1', NULL, NULL, NULL, NULL, NULL, NULL),
	(50, '9. B', 2, '0', 200, 200, '1', NULL, NULL, NULL, NULL, NULL, NULL),
	(51, '9. D', 2, '0', 200, 200, '1', NULL, NULL, NULL, NULL, NULL, NULL),
	(52, '10. C', 2, '0', 200, 200, '1', NULL, NULL, NULL, NULL, NULL, NULL),
	(53, '10. D', 2, '0', 200, 200, '1', NULL, NULL, NULL, NULL, NULL, NULL),
	(54, '11. A', 2, '0', 200, 200, '1', NULL, NULL, NULL, NULL, NULL, NULL),
	(55, '11. B', 2, '0', 200, 200, '1', NULL, NULL, NULL, NULL, NULL, NULL),
	(56, '11. C', 2, '0', 200, 200, '1', NULL, NULL, NULL, NULL, NULL, NULL),
	(57, '11. D', 2, '0', 200, 200, '1', NULL, NULL, NULL, NULL, NULL, NULL),
	(58, '12. A', 2, '0', 200, 200, '1', NULL, NULL, NULL, NULL, NULL, NULL),
	(59, '12. B', 2, '0', 200, 200, '1', NULL, NULL, NULL, NULL, NULL, NULL),
	(60, '12. D', 2, '0', 200, 200, '1', NULL, NULL, NULL, NULL, NULL, NULL),
	(61, '13. A', 2, '0', 200, 200, '1', NULL, NULL, NULL, NULL, NULL, NULL),
	(62, '13. B', 2, '0', 200, 200, '1', NULL, NULL, NULL, NULL, NULL, NULL),
	(63, '13. C', 2, '0', 200, 200, '1', NULL, NULL, NULL, NULL, NULL, NULL),
	(64, '13. D', 2, '0', 200, 200, '1', NULL, NULL, NULL, NULL, NULL, NULL),
	(65, '14. C', 2, '0', 200, 200, '1', NULL, NULL, NULL, NULL, NULL, NULL),
	(66, '14. D', 2, '0', 200, 200, '1', NULL, NULL, NULL, NULL, NULL, NULL),
	(67, '15', 2, '0', 200, 200, '1', NULL, NULL, NULL, NULL, NULL, NULL),
	(68, '16', 2, '0', 200, 200, '1', NULL, NULL, NULL, NULL, NULL, NULL),
	(69, '17', 2, '0', 200, 200, '1', NULL, NULL, NULL, NULL, NULL, NULL),
	(70, '18', 2, '0', 200, 200, '1', NULL, NULL, NULL, NULL, NULL, NULL),
	(71, '19', 2, '0', 200, 200, '1', NULL, NULL, NULL, NULL, NULL, NULL),
	(72, '20', 2, '0', 200, 200, '1', NULL, NULL, NULL, NULL, NULL, NULL),
	(73, '21', 2, '0', 200, 200, '1', NULL, NULL, NULL, NULL, NULL, NULL),
	(74, '22', 2, '0', 200, 200, '1', NULL, NULL, NULL, NULL, NULL, NULL),
	(75, '23', 2, '0', 200, 200, '1', NULL, NULL, NULL, NULL, NULL, NULL),
	(76, '25', 2, '0', 200, 200, '1', NULL, NULL, NULL, NULL, NULL, NULL),
	(77, '26', 2, '0', 200, 200, '1', NULL, NULL, NULL, NULL, NULL, NULL),
	(78, '27', 2, '0', 200, 200, '1', NULL, NULL, NULL, NULL, NULL, NULL),
	(79, '28', 2, '0', 200, 200, '1', NULL, NULL, NULL, NULL, NULL, NULL),
	(80, '29', 2, '0', 200, 200, '1', NULL, NULL, NULL, NULL, NULL, NULL),
	(81, '30', 2, '0', 200, 200, '1', NULL, NULL, NULL, NULL, NULL, NULL),
	(82, '31', 2, '0', 200, 200, '1', NULL, NULL, NULL, NULL, NULL, NULL),
	(83, '32', 2, '0', 200, 200, '1', NULL, NULL, NULL, NULL, NULL, NULL),
	(84, '33', 2, '0', 200, 200, '1', NULL, NULL, NULL, NULL, NULL, NULL),
	(85, '34', 2, '0', 200, 200, '1', NULL, NULL, NULL, NULL, NULL, NULL),
	(86, '35', 2, '0', 200, 200, '1', NULL, NULL, NULL, NULL, NULL, NULL),
	(87, '36', 2, '0', 200, 200, '1', NULL, NULL, NULL, NULL, NULL, NULL),
	(88, '37', 2, '0', 200, 200, '1', NULL, NULL, NULL, NULL, NULL, NULL),
	(89, '38', 2, '0', 200, 200, '1', NULL, NULL, NULL, NULL, NULL, NULL),
	(90, '39', 2, '0', 200, 200, '1', NULL, NULL, NULL, NULL, NULL, NULL),
	(91, '40', 2, '0', 200, 200, '1', NULL, NULL, NULL, NULL, NULL, NULL),
	(92, '41', 2, '0', 200, 200, '1', NULL, NULL, NULL, NULL, NULL, NULL),
	(93, '42', 2, '0', 200, 200, '1', NULL, NULL, NULL, NULL, NULL, NULL),
	(94, '43', 2, '0', 200, 200, '1', NULL, NULL, NULL, NULL, NULL, NULL),
	(95, '44', 2, '0', 200, 200, '1', NULL, NULL, NULL, NULL, NULL, NULL),
	(96, '45', 2, '0', 200, 200, '1', NULL, NULL, NULL, NULL, NULL, NULL),
	(97, '46', 2, '0', 200, 200, '1', NULL, NULL, NULL, NULL, NULL, NULL),
	(98, '47', 2, '0', 200, 200, '1', NULL, NULL, NULL, NULL, NULL, NULL),
	(99, '48', 2, '0', 200, 200, '1', NULL, NULL, NULL, NULL, NULL, NULL),
	(100, '49', 2, '0', 200, 200, '1', NULL, NULL, NULL, NULL, NULL, NULL),
	(101, '50', 2, '0', 200, 200, '1', NULL, NULL, NULL, NULL, NULL, NULL),
	(102, '51', 2, '0', 200, 200, '1', NULL, NULL, NULL, NULL, NULL, NULL),
	(103, '52', 2, '0', 200, 200, '1', NULL, NULL, NULL, NULL, NULL, NULL),
	(104, '53', 2, '0', 200, 200, '1', NULL, NULL, NULL, NULL, NULL, NULL),
	(105, '54', 2, '0', 200, 200, '1', NULL, NULL, NULL, NULL, NULL, NULL),
	(106, '55', 2, '0', 200, 200, '1', NULL, NULL, NULL, NULL, NULL, NULL),
	(107, '56', 2, '0', 200, 200, '1', NULL, NULL, NULL, NULL, NULL, NULL),
	(108, '57', 2, '0', 200, 200, '1', NULL, NULL, NULL, NULL, NULL, NULL),
	(109, '58', 2, '0', 200, 200, '1', NULL, NULL, NULL, NULL, NULL, NULL),
	(110, '59', 2, '0', 200, 200, '1', NULL, NULL, NULL, NULL, NULL, NULL),
	(111, '60', 2, '0', 200, 200, '1', NULL, NULL, NULL, NULL, NULL, NULL),
	(112, '61', 2, '0', 200, 200, '1', NULL, NULL, NULL, NULL, NULL, NULL),
	(113, '62', 2, '0', 200, 200, '1', NULL, NULL, NULL, NULL, NULL, NULL),
	(114, '63', 2, '0', 200, 200, '1', NULL, NULL, NULL, NULL, NULL, NULL),
	(115, '64', 2, '0', 200, 200, '1', NULL, NULL, NULL, NULL, NULL, NULL),
	(116, '65', 2, '0', 200, 200, '1', NULL, NULL, NULL, NULL, NULL, NULL),
	(117, '66', 2, '0', 200, 200, '1', NULL, NULL, NULL, NULL, NULL, NULL),
	(118, '67', 2, '0', 200, 200, '1', NULL, NULL, NULL, NULL, NULL, NULL),
	(119, '68', 2, '0', 200, 200, '1', NULL, NULL, NULL, NULL, NULL, NULL),
	(159, '1-A/C-A/C', 3, '0', 750, 750, '1', 'renovation', NULL, NULL, 1, '2013-08-15 05:45:10', '127.0.0.1'),
	(160, '2-A/C', 3, '0', 750, 750, '1', '', NULL, NULL, 1, '2013-08-15 05:45:31', '127.0.0.1'),
	(161, '3-A/C', 3, '0', 750, 750, '1', NULL, NULL, NULL, NULL, NULL, NULL),
	(162, '4-A/C', 3, '0', 750, 750, '1', NULL, NULL, NULL, NULL, NULL, NULL),
	(163, '5-A/C', 3, '0', 750, 750, '1', NULL, NULL, NULL, NULL, NULL, NULL),
	(164, '6-A/C', 3, '0', 750, 750, '1', NULL, NULL, NULL, NULL, NULL, NULL),
	(165, '7-A/C', 3, '0', 750, 750, '1', NULL, NULL, NULL, NULL, NULL, NULL),
	(166, '8-A/C', 3, '0', 750, 750, '1', NULL, NULL, NULL, NULL, NULL, NULL),
	(167, '9-A/C', 3, '0', 750, 750, '1', NULL, NULL, NULL, NULL, NULL, NULL),
	(168, '10-A/C', 3, '0', 750, 750, '1', NULL, NULL, NULL, NULL, NULL, NULL),
	(169, '11-A/C', 3, '0', 750, 750, '1', NULL, NULL, NULL, NULL, NULL, NULL),
	(170, '12-A/C', 3, '0', 750, 750, '1', NULL, NULL, NULL, NULL, NULL, NULL),
	(171, '13-A/C', 3, '0', 750, 750, '1', NULL, NULL, NULL, NULL, NULL, NULL),
	(172, '14-A/C', 3, '0', 750, 750, '1', NULL, NULL, NULL, NULL, NULL, NULL),
	(173, '15-A/C', 3, '0', 750, 750, '1', NULL, NULL, NULL, NULL, NULL, NULL),
	(174, '16-A/C', 3, '0', 750, 750, '1', NULL, NULL, NULL, NULL, NULL, NULL),
	(175, '17-A/C', 3, '0', 750, 750, '1', NULL, NULL, NULL, NULL, NULL, NULL),
	(176, '18-A/C', 3, '0', 750, 750, '1', NULL, NULL, NULL, NULL, NULL, NULL),
	(177, '19-A/C', 3, '0', 750, 750, '1', NULL, NULL, NULL, NULL, NULL, NULL),
	(178, '20-A/C', 3, '0', 750, 750, '1', NULL, NULL, NULL, NULL, NULL, NULL),
	(179, '21-A/C', 3, '0', 750, 750, '1', NULL, NULL, NULL, NULL, NULL, NULL),
	(180, '22-A/C', 3, '0', 750, 750, '1', NULL, NULL, NULL, NULL, NULL, NULL),
	(181, '23-A/C', 3, '0', 750, 750, '1', NULL, NULL, NULL, NULL, NULL, NULL),
	(182, '24-A/C', 3, '0', 750, 750, '1', NULL, NULL, NULL, NULL, NULL, NULL),
	(183, '25-A/C', 3, '0', 750, 750, '1', NULL, NULL, NULL, NULL, NULL, NULL),
	(184, '26-A/C', 3, '0', 750, 750, '1', NULL, NULL, NULL, NULL, NULL, NULL),
	(185, '27-A/C', 3, '0', 750, 750, '1', NULL, NULL, NULL, NULL, NULL, NULL),
	(186, '28-A/C', 3, '0', 750, 750, '1', NULL, NULL, NULL, NULL, NULL, NULL),
	(187, '29-A/C', 3, '0', 750, 750, '1', NULL, NULL, NULL, NULL, NULL, NULL),
	(188, '30-A/C', 3, '0', 750, 750, '1', NULL, NULL, NULL, NULL, NULL, NULL),
	(189, '31-A/C', 3, '0', 750, 750, '1', NULL, NULL, NULL, NULL, NULL, NULL),
	(190, '32-A/C', 3, '0', 750, 750, '1', NULL, NULL, NULL, NULL, NULL, NULL),
	(191, '33-A/C', 3, '0', 750, 750, '1', NULL, NULL, NULL, NULL, NULL, NULL),
	(192, '35', 3, '0', 350, 350, '1', NULL, NULL, NULL, NULL, NULL, NULL),
	(193, '36', 3, '0', 350, 350, '1', NULL, NULL, NULL, NULL, NULL, NULL),
	(194, '37', 3, '0', 350, 350, '1', NULL, NULL, NULL, NULL, NULL, NULL),
	(195, '38', 3, '0', 350, 350, '1', NULL, NULL, NULL, NULL, NULL, NULL),
	(196, '39', 3, '0', 350, 350, '1', NULL, NULL, NULL, NULL, NULL, NULL),
	(197, '40', 3, '0', 350, 350, '1', NULL, NULL, NULL, NULL, NULL, NULL),
	(198, '41', 3, '0', 350, 350, '1', NULL, NULL, NULL, NULL, NULL, NULL),
	(199, '42', 3, '0', 350, 350, '1', NULL, NULL, NULL, NULL, NULL, NULL),
	(200, '43', 3, '0', 350, 350, '1', NULL, NULL, NULL, NULL, NULL, NULL),
	(201, '44', 3, '0', 350, 350, '1', NULL, NULL, NULL, NULL, NULL, NULL),
	(202, '45', 3, '0', 350, 350, '1', NULL, NULL, NULL, NULL, NULL, NULL),
	(203, '46', 3, '0', 350, 350, '1', NULL, NULL, NULL, NULL, NULL, NULL),
	(204, '47', 3, '0', 350, 350, '1', NULL, NULL, NULL, NULL, NULL, NULL),
	(205, '48', 3, '0', 350, 350, '1', NULL, NULL, NULL, NULL, NULL, NULL),
	(206, '49', 3, '0', 350, 350, '1', NULL, NULL, NULL, NULL, NULL, NULL),
	(207, '50', 3, '0', 350, 350, '1', NULL, NULL, NULL, NULL, NULL, NULL),
	(208, '51', 3, '0', 350, 350, '1', NULL, NULL, NULL, NULL, NULL, NULL),
	(209, '52', 3, '0', 350, 350, '1', NULL, NULL, NULL, NULL, NULL, NULL),
	(210, '53', 3, '0', 350, 350, '1', NULL, NULL, NULL, NULL, NULL, NULL),
	(211, '54', 3, '0', 350, 350, '1', NULL, NULL, NULL, NULL, NULL, NULL),
	(212, '55', 3, '0', 350, 350, '1', NULL, NULL, NULL, NULL, NULL, NULL),
	(213, '56', 3, '0', 350, 350, '1', NULL, NULL, NULL, NULL, NULL, NULL),
	(214, '57', 3, '0', 350, 350, '1', NULL, NULL, NULL, NULL, NULL, NULL),
	(215, '58', 3, '0', 350, 350, '1', NULL, NULL, NULL, NULL, NULL, NULL),
	(216, '59', 3, '0', 350, 350, '1', NULL, NULL, NULL, NULL, NULL, NULL),
	(217, '60', 3, '0', 350, 350, '1', NULL, NULL, NULL, NULL, NULL, NULL),
	(218, '61', 3, '0', 350, 350, '1', NULL, NULL, NULL, NULL, NULL, NULL),
	(219, '62', 3, '0', 350, 350, '1', NULL, NULL, NULL, NULL, NULL, NULL),
	(220, '63', 3, '0', 350, 350, '1', NULL, NULL, NULL, NULL, NULL, NULL),
	(221, '64', 3, '0', 350, 350, '1', NULL, NULL, NULL, NULL, NULL, NULL),
	(222, '1', 4, '0', 250, 250, '1', NULL, NULL, NULL, NULL, NULL, NULL),
	(223, '2', 4, '0', 250, 250, '1', NULL, NULL, NULL, NULL, NULL, NULL),
	(224, '3', 4, '0', 250, 250, '1', NULL, NULL, NULL, NULL, NULL, NULL),
	(225, '4', 4, '0', 250, 250, '1', NULL, NULL, NULL, NULL, NULL, NULL),
	(226, '5', 4, '0', 250, 250, '1', NULL, NULL, NULL, NULL, NULL, NULL),
	(227, '6', 4, '0', 250, 250, '1', NULL, NULL, NULL, NULL, NULL, NULL),
	(228, '7', 4, '0', 250, 250, '1', NULL, NULL, NULL, NULL, NULL, NULL),
	(229, '8', 4, '0', 250, 250, '1', NULL, NULL, NULL, NULL, NULL, NULL),
	(230, '9', 4, '0', 250, 250, '1', NULL, NULL, NULL, NULL, NULL, NULL),
	(231, '10', 4, '0', 250, 250, '1', NULL, NULL, NULL, NULL, NULL, NULL),
	(232, '11', 4, '0', 250, 250, '1', NULL, NULL, NULL, NULL, NULL, NULL),
	(233, '12', 4, '0', 250, 250, '1', NULL, NULL, NULL, NULL, NULL, NULL),
	(234, '13', 4, '0', 250, 250, '1', NULL, NULL, NULL, NULL, NULL, NULL),
	(235, '14', 4, '0', 250, 250, '1', NULL, NULL, NULL, NULL, NULL, NULL),
	(236, '15', 4, '0', 250, 250, '1', NULL, NULL, NULL, NULL, NULL, NULL),
	(237, '16', 4, '0', 250, 250, '1', NULL, NULL, NULL, NULL, NULL, NULL),
	(238, '17', 4, '0', 250, 250, '1', NULL, NULL, NULL, NULL, NULL, NULL),
	(239, '18', 4, '0', 250, 250, '1', NULL, NULL, NULL, NULL, NULL, NULL),
	(240, '19', 4, '0', 250, 250, '1', NULL, NULL, NULL, NULL, NULL, NULL),
	(241, '20', 4, '0', 250, 250, '1', NULL, NULL, NULL, NULL, NULL, NULL),
	(242, '21', 4, '0', 250, 250, '1', NULL, NULL, NULL, NULL, NULL, NULL),
	(243, '22', 4, '0', 250, 250, '1', NULL, NULL, NULL, NULL, NULL, NULL),
	(244, '23', 4, '0', 250, 250, '1', NULL, NULL, NULL, NULL, NULL, NULL),
	(245, '24', 4, '0', 250, 250, '1', NULL, NULL, NULL, NULL, NULL, NULL),
	(246, '25', 4, '0', 250, 250, '1', NULL, NULL, NULL, NULL, NULL, NULL),
	(247, '26', 4, '0', 250, 250, '1', NULL, NULL, NULL, NULL, NULL, NULL),
	(248, '27', 4, '0', 250, 250, '1', NULL, NULL, NULL, NULL, NULL, NULL),
	(249, '28', 4, '0', 250, 250, '1', NULL, NULL, NULL, NULL, NULL, NULL),
	(250, '29', 4, '0', 250, 250, '1', NULL, NULL, NULL, NULL, NULL, NULL),
	(251, '30', 4, '0', 250, 250, '1', NULL, NULL, NULL, NULL, NULL, NULL),
	(252, '31', 4, '0', 250, 250, '1', NULL, NULL, NULL, NULL, NULL, NULL),
	(253, '32', 4, '0', 250, 250, '1', NULL, NULL, NULL, NULL, NULL, NULL),
	(254, '33', 4, '0', 250, 250, '1', NULL, NULL, NULL, NULL, NULL, NULL),
	(255, '34', 4, '0', 250, 250, '1', NULL, NULL, NULL, NULL, NULL, NULL),
	(256, '35', 4, '0', 250, 250, '1', NULL, NULL, NULL, NULL, NULL, NULL),
	(257, '36', 4, '0', 250, 250, '1', NULL, NULL, NULL, NULL, NULL, NULL),
	(258, '37', 4, '0', 250, 250, '1', NULL, NULL, NULL, NULL, NULL, NULL),
	(259, '38', 4, '0', 250, 250, '1', NULL, NULL, NULL, NULL, NULL, NULL),
	(260, '39', 4, '0', 250, 250, '1', NULL, NULL, NULL, NULL, NULL, NULL),
	(261, '40', 4, '0', 250, 250, '1', NULL, NULL, NULL, NULL, NULL, NULL),
	(262, '41', 4, '0', 250, 250, '1', NULL, NULL, NULL, NULL, NULL, NULL),
	(263, '42', 4, '0', 250, 250, '1', NULL, NULL, NULL, NULL, NULL, NULL),
	(264, '43', 4, '0', 250, 250, '1', NULL, NULL, NULL, NULL, NULL, NULL),
	(265, '44', 4, '0', 250, 250, '1', NULL, NULL, NULL, NULL, NULL, NULL),
	(266, '45', 4, '0', 250, 250, '1', NULL, NULL, NULL, NULL, NULL, NULL),
	(267, '46', 4, '0', 250, 250, '1', NULL, NULL, NULL, NULL, NULL, NULL),
	(268, '47', 4, '0', 250, 250, '1', NULL, NULL, NULL, NULL, NULL, NULL),
	(269, '48', 4, '0', 250, 250, '1', NULL, NULL, NULL, NULL, NULL, NULL),
	(270, '49', 4, '0', 250, 250, '1', NULL, NULL, NULL, NULL, NULL, NULL),
	(271, '50', 4, '0', 250, 250, '1', NULL, NULL, NULL, NULL, NULL, NULL),
	(272, '51', 4, '0', 250, 250, '1', NULL, NULL, NULL, NULL, NULL, NULL),
	(273, '52', 4, '0', 250, 250, '1', NULL, NULL, NULL, NULL, NULL, NULL),
	(274, '53', 4, '0', 250, 250, '1', NULL, NULL, NULL, NULL, NULL, NULL),
	(275, '54', 4, '0', 250, 250, '1', NULL, NULL, NULL, NULL, NULL, NULL),
	(276, '55', 4, '0', 250, 250, '1', NULL, NULL, NULL, NULL, NULL, NULL),
	(277, '56', 4, '0', 250, 250, '1', NULL, NULL, NULL, NULL, NULL, NULL),
	(278, '57', 4, '0', 250, 250, '1', NULL, NULL, NULL, NULL, NULL, NULL),
	(279, '58', 4, '0', 250, 250, '1', NULL, NULL, NULL, NULL, NULL, NULL),
	(280, '59', 4, '0', 250, 250, '1', NULL, NULL, NULL, NULL, NULL, NULL),
	(281, '60', 4, '0', 250, 250, '1', NULL, NULL, NULL, NULL, NULL, NULL),
	(282, '61', 4, '0', 250, 250, '1', NULL, NULL, NULL, NULL, NULL, NULL),
	(283, '62', 4, '0', 250, 250, '1', NULL, NULL, NULL, NULL, NULL, NULL),
	(284, '63', 4, '0', 250, 250, '1', NULL, NULL, NULL, NULL, NULL, NULL),
	(285, '64', 4, '0', 250, 250, '1', NULL, NULL, NULL, NULL, NULL, NULL),
	(286, '65', 4, '0', 250, 250, '1', NULL, NULL, NULL, NULL, NULL, NULL),
	(287, '66', 4, '0', 250, 250, '1', NULL, NULL, NULL, NULL, NULL, NULL),
	(288, '67', 4, '0', 250, 250, '1', NULL, NULL, NULL, NULL, NULL, NULL),
	(289, '68', 4, '0', 250, 250, '1', NULL, NULL, NULL, NULL, NULL, NULL),
	(290, '69', 4, '0', 250, 250, '1', NULL, NULL, NULL, NULL, NULL, NULL),
	(291, '70', 4, '0', 250, 250, '1', NULL, NULL, NULL, NULL, NULL, NULL),
	(292, '71', 4, '0', 250, 250, '1', NULL, NULL, NULL, NULL, NULL, NULL),
	(293, '72', 4, '0', 250, 250, '1', NULL, NULL, NULL, NULL, NULL, NULL),
	(294, '73', 4, '0', 250, 250, '1', NULL, NULL, NULL, NULL, NULL, NULL),
	(295, '74', 4, '0', 250, 250, '1', NULL, NULL, NULL, NULL, NULL, NULL),
	(296, '75', 4, '0', 250, 250, '1', NULL, NULL, NULL, NULL, NULL, NULL),
	(297, '76', 4, '0', 250, 250, '1', NULL, NULL, NULL, NULL, NULL, NULL),
	(298, '77', 4, '0', 250, 250, '1', NULL, NULL, NULL, NULL, NULL, NULL),
	(299, '78', 4, '0', 250, 250, '1', NULL, NULL, NULL, NULL, NULL, NULL),
	(300, '79', 4, '0', 250, 250, '1', NULL, NULL, NULL, NULL, NULL, NULL),
	(301, '80', 4, '0', 250, 250, '1', NULL, NULL, NULL, NULL, NULL, NULL),
	(302, '81', 4, '0', 250, 250, '1', NULL, NULL, NULL, NULL, NULL, NULL),
	(303, '82', 4, '0', 250, 250, '1', NULL, NULL, NULL, NULL, NULL, NULL),
	(304, '83', 4, '0', 250, 250, '1', NULL, NULL, NULL, NULL, NULL, NULL),
	(305, '84', 4, '0', 250, 250, '1', NULL, NULL, NULL, NULL, NULL, NULL),
	(306, '85', 4, '0', 250, 250, '1', NULL, NULL, NULL, NULL, NULL, NULL),
	(307, '86', 4, '0', 250, 250, '1', NULL, NULL, NULL, NULL, NULL, NULL),
	(308, '87', 4, '0', 250, 250, '1', NULL, NULL, NULL, NULL, NULL, NULL),
	(309, '88', 4, '0', 250, 250, '1', NULL, NULL, NULL, NULL, NULL, NULL),
	(310, '89', 4, '0', 250, 250, '1', NULL, NULL, NULL, NULL, NULL, NULL),
	(311, '90', 4, '0', 250, 250, '1', NULL, NULL, NULL, NULL, NULL, NULL),
	(312, '91', 4, '0', 250, 250, '1', NULL, NULL, NULL, NULL, NULL, NULL),
	(313, '92', 4, '0', 250, 250, '1', NULL, NULL, NULL, NULL, NULL, NULL),
	(314, '93', 4, '0', 250, 250, '1', NULL, NULL, NULL, NULL, NULL, NULL),
	(315, '94', 4, '0', 250, 250, '1', NULL, NULL, NULL, NULL, NULL, NULL),
	(349, '1', 5, '0', 150, 150, '1', NULL, NULL, NULL, NULL, NULL, NULL),
	(350, '2', 5, '0', 150, 150, '1', NULL, NULL, NULL, NULL, NULL, NULL),
	(351, '3', 5, '0', 150, 150, '1', NULL, NULL, NULL, NULL, NULL, NULL),
	(352, '4', 5, '0', 150, 150, '1', NULL, NULL, NULL, NULL, NULL, NULL),
	(353, '5', 5, '0', 150, 150, '1', NULL, NULL, NULL, NULL, NULL, NULL),
	(354, '6', 5, '0', 150, 150, '1', NULL, NULL, NULL, NULL, NULL, NULL),
	(355, '7', 5, '0', 150, 150, '1', NULL, NULL, NULL, NULL, NULL, NULL),
	(356, '8', 5, '0', 150, 150, '1', NULL, NULL, NULL, NULL, NULL, NULL),
	(357, '9', 5, '0', 150, 150, '1', NULL, NULL, NULL, NULL, NULL, NULL),
	(358, '10', 5, '0', 150, 150, '1', NULL, NULL, NULL, NULL, NULL, NULL),
	(359, '12', 5, '0', 150, 150, '1', NULL, NULL, NULL, NULL, NULL, NULL),
	(360, '13', 5, '0', 150, 150, '1', NULL, NULL, NULL, NULL, NULL, NULL),
	(361, '14', 5, '0', 150, 150, '1', NULL, NULL, NULL, NULL, NULL, NULL),
	(362, '15', 5, '0', 150, 150, '1', NULL, NULL, NULL, NULL, NULL, NULL),
	(363, '16', 5, '0', 150, 150, '1', NULL, NULL, NULL, NULL, NULL, NULL),
	(364, '17', 5, '0', 150, 150, '1', NULL, NULL, NULL, NULL, NULL, NULL),
	(365, '18', 5, '0', 150, 150, '1', NULL, NULL, NULL, NULL, NULL, NULL),
	(366, '19', 5, '0', 150, 150, '1', NULL, NULL, NULL, NULL, NULL, NULL),
	(367, '20', 5, '0', 150, 150, '1', NULL, NULL, NULL, NULL, NULL, NULL),
	(368, '21', 5, '0', 150, 150, '1', NULL, NULL, NULL, NULL, NULL, NULL),
	(369, '22', 5, '0', 150, 150, '1', NULL, NULL, NULL, NULL, NULL, NULL),
	(370, '23', 5, '0', 150, 150, '1', NULL, NULL, NULL, NULL, NULL, NULL),
	(371, '24', 5, '0', 150, 150, '1', NULL, NULL, NULL, NULL, NULL, NULL),
	(372, '25', 5, '0', 150, 150, '1', NULL, NULL, NULL, NULL, NULL, NULL),
	(373, '26', 5, '0', 150, 150, '1', NULL, NULL, NULL, NULL, NULL, NULL),
	(374, '27', 5, '0', 150, 150, '1', NULL, NULL, NULL, NULL, NULL, NULL),
	(375, '28', 5, '0', 150, 150, '1', NULL, NULL, NULL, NULL, NULL, NULL),
	(376, '29', 5, '0', 150, 150, '1', NULL, NULL, NULL, NULL, NULL, NULL),
	(377, '30', 5, '0', 150, 150, '1', NULL, NULL, NULL, NULL, NULL, NULL),
	(378, '31', 5, '0', 150, 150, '1', NULL, NULL, NULL, NULL, NULL, NULL),
	(379, '32', 5, '0', 150, 150, '1', NULL, NULL, NULL, NULL, NULL, NULL),
	(380, '33', 5, '0', 150, 150, '1', NULL, NULL, NULL, NULL, NULL, NULL),
	(381, '34', 5, '0', 150, 150, '1', NULL, NULL, NULL, NULL, NULL, NULL),
	(382, '35', 5, '0', 150, 150, '1', NULL, NULL, NULL, NULL, NULL, NULL),
	(383, '36', 5, '0', 150, 150, '1', NULL, NULL, NULL, NULL, NULL, NULL),
	(384, '37', 5, '0', 150, 150, '1', NULL, NULL, NULL, NULL, NULL, NULL),
	(385, '38', 5, '0', 150, 150, '1', NULL, NULL, NULL, NULL, NULL, NULL),
	(386, '39', 5, '0', 150, 150, '1', NULL, NULL, NULL, NULL, NULL, NULL),
	(387, '40', 5, '0', 150, 150, '1', NULL, NULL, NULL, NULL, NULL, NULL),
	(388, '41', 5, '0', 150, 150, '1', NULL, NULL, NULL, NULL, NULL, NULL),
	(389, '42', 5, '0', 150, 150, '1', NULL, NULL, NULL, NULL, NULL, NULL),
	(390, '43', 5, '0', 150, 150, '1', NULL, NULL, NULL, NULL, NULL, NULL),
	(391, '44', 5, '0', 150, 150, '1', NULL, NULL, NULL, NULL, NULL, NULL),
	(392, '45', 5, '0', 150, 150, '1', NULL, NULL, NULL, NULL, NULL, NULL),
	(393, '46', 5, '0', 150, 150, '1', NULL, NULL, NULL, NULL, NULL, NULL),
	(394, '47', 5, '0', 150, 150, '1', NULL, NULL, NULL, NULL, NULL, NULL),
	(395, '50', 5, '0', 150, 150, '1', NULL, NULL, NULL, NULL, NULL, NULL),
	(412, '2', 6, '0', 100, 50, '1', NULL, NULL, NULL, NULL, NULL, NULL),
	(413, '3', 6, '0', 100, 50, '1', NULL, NULL, NULL, NULL, NULL, NULL),
	(414, '4', 6, '0', 100, 50, '1', NULL, NULL, NULL, NULL, NULL, NULL),
	(415, '5', 6, '0', 100, 50, '1', NULL, NULL, NULL, NULL, NULL, NULL),
	(416, '7', 6, '0', 100, 50, '1', NULL, NULL, NULL, NULL, NULL, NULL),
	(417, '8', 6, '0', 100, 50, '1', NULL, NULL, NULL, NULL, NULL, NULL),
	(418, '9', 6, '0', 100, 50, '1', NULL, NULL, NULL, NULL, NULL, NULL),
	(419, '13', 6, '0', 100, 50, '1', NULL, NULL, NULL, NULL, NULL, NULL),
	(420, '14', 6, '0', 100, 50, '1', NULL, NULL, NULL, NULL, NULL, NULL),
	(421, '15', 6, '0', 100, 50, '1', NULL, NULL, NULL, NULL, NULL, NULL),
	(422, '16', 6, '0', 100, 50, '1', NULL, NULL, NULL, NULL, NULL, NULL),
	(423, '17', 6, '0', 100, 50, '1', NULL, NULL, NULL, NULL, NULL, NULL),
	(424, '18', 6, '0', 100, 50, '1', NULL, NULL, NULL, NULL, NULL, NULL),
	(425, '22', 6, '0', 100, 50, '1', NULL, NULL, NULL, NULL, NULL, NULL),
	(426, '23', 6, '0', 100, 50, '1', NULL, NULL, NULL, NULL, NULL, NULL),
	(427, '27', 6, '0', 100, 50, '1', NULL, NULL, NULL, NULL, NULL, NULL),
	(428, '28', 6, '0', 100, 50, '1', NULL, NULL, NULL, NULL, NULL, NULL),
	(429, '29', 6, '0', 100, 50, '1', NULL, NULL, NULL, NULL, NULL, NULL),
	(430, '31', 6, '0', 100, 50, '1', NULL, NULL, NULL, NULL, NULL, NULL),
	(431, '32', 6, '0', 100, 50, '1', NULL, NULL, NULL, NULL, NULL, NULL),
	(432, '33', 6, '0', 100, 50, '1', NULL, NULL, NULL, NULL, NULL, NULL),
	(433, '35', 6, '0', 100, 50, '1', NULL, NULL, NULL, NULL, NULL, NULL),
	(434, '36', 6, '0', 100, 50, '1', NULL, NULL, NULL, NULL, NULL, NULL),
	(435, '37', 6, '0', 100, 50, '1', NULL, NULL, NULL, NULL, NULL, NULL),
	(436, '38', 6, '0', 100, 50, '1', NULL, NULL, NULL, NULL, NULL, NULL),
	(437, '39', 6, '0', 100, 50, '1', NULL, NULL, NULL, NULL, NULL, NULL),
	(438, '40', 6, '0', 100, 50, '1', NULL, NULL, NULL, NULL, NULL, NULL),
	(439, '42', 6, '0', 100, 50, '1', NULL, NULL, NULL, NULL, NULL, NULL),
	(440, '43', 6, '0', 100, 50, '1', NULL, NULL, NULL, NULL, NULL, NULL),
	(441, '44', 6, '0', 100, 50, '1', NULL, NULL, NULL, NULL, NULL, NULL),
	(442, '46', 6, '0', 100, 50, '1', NULL, NULL, NULL, NULL, NULL, NULL),
	(443, '47', 6, '0', 100, 50, '1', NULL, NULL, NULL, NULL, NULL, NULL),
	(444, '48', 6, '0', 100, 50, '1', NULL, NULL, NULL, NULL, NULL, NULL),
	(445, '49', 6, '0', 100, 50, '1', NULL, NULL, NULL, NULL, NULL, NULL),
	(446, '50', 6, '0', 100, 50, '1', NULL, NULL, NULL, NULL, NULL, NULL),
	(447, '51', 6, '0', 100, 50, '1', NULL, NULL, NULL, NULL, NULL, NULL),
	(448, '54', 6, '0', 100, 50, '1', NULL, NULL, NULL, NULL, NULL, NULL),
	(449, '56', 6, '0', 100, 50, '1', NULL, NULL, NULL, NULL, NULL, NULL),
	(450, '57', 6, '0', 100, 50, '1', NULL, NULL, NULL, NULL, NULL, NULL),
	(451, '58', 6, '0', 100, 50, '1', NULL, NULL, NULL, NULL, NULL, NULL),
	(452, '59', 6, '0', 100, 50, '1', NULL, NULL, NULL, NULL, NULL, NULL),
	(453, '61', 6, '0', 100, 50, '1', NULL, NULL, NULL, NULL, NULL, NULL),
	(454, '62', 6, '0', 100, 50, '1', NULL, NULL, NULL, NULL, NULL, NULL),
	(455, '63', 6, '0', 100, 50, '1', NULL, NULL, NULL, NULL, NULL, NULL),
	(456, '64', 6, '0', 100, 50, '1', NULL, NULL, NULL, NULL, NULL, NULL),
	(457, '65', 6, '0', 100, 50, '1', NULL, NULL, NULL, NULL, NULL, NULL),
	(458, '67', 6, '0', 100, 50, '1', NULL, NULL, NULL, NULL, NULL, NULL),
	(459, '68', 6, '0', 100, 50, '1', NULL, NULL, NULL, NULL, NULL, NULL),
	(460, '69', 6, '0', 100, 50, '1', NULL, NULL, NULL, NULL, NULL, NULL),
	(461, '70', 6, '0', 100, 50, '1', NULL, NULL, NULL, NULL, NULL, NULL),
	(462, '71', 6, '0', 100, 50, '1', NULL, NULL, NULL, NULL, NULL, NULL),
	(463, '72', 6, '0', 100, 50, '1', NULL, NULL, NULL, NULL, NULL, NULL),
	(464, '73', 6, '0', 100, 50, '1', NULL, NULL, NULL, NULL, NULL, NULL),
	(465, '74', 6, '0', 100, 50, '1', NULL, NULL, NULL, NULL, NULL, NULL),
	(466, '75', 6, '0', 100, 50, '1', NULL, NULL, NULL, NULL, NULL, NULL),
	(467, '76', 6, '0', 100, 50, '1', NULL, NULL, NULL, NULL, NULL, NULL),
	(468, '77', 6, '0', 100, 50, '1', NULL, NULL, NULL, NULL, NULL, NULL),
	(469, '78', 6, '0', 100, 50, '1', NULL, NULL, NULL, NULL, NULL, NULL),
	(470, '79', 6, '0', 100, 50, '1', NULL, NULL, NULL, NULL, NULL, NULL),
	(471, '80', 6, '0', 100, 50, '1', NULL, NULL, NULL, NULL, NULL, NULL),
	(475, '1-A/C', 7, '0', 1000, 1000, '1', NULL, NULL, NULL, NULL, NULL, NULL),
	(476, '2-A/C', 7, '0', 1000, 1000, '1', NULL, NULL, NULL, NULL, NULL, NULL),
	(477, '3-A/C', 7, '0', 1000, 1000, '1', NULL, NULL, NULL, NULL, NULL, NULL),
	(478, '4-A/C', 7, '0', 1000, 1000, '1', NULL, NULL, NULL, NULL, NULL, NULL),
	(479, '5-A/C', 7, '0', 1000, 1000, '1', NULL, NULL, NULL, NULL, NULL, NULL),
	(480, '6-A/C', 7, '0', 1000, 1000, '1', NULL, NULL, NULL, NULL, NULL, NULL),
	(481, '7-A/C', 7, '0', 1000, 1000, '1', NULL, NULL, NULL, NULL, NULL, NULL),
	(482, '8-A/C', 7, '0', 1000, 1000, '1', NULL, NULL, NULL, NULL, NULL, NULL),
	(490, '1-A/C', 8, '0', 2000, 2000, '1', NULL, NULL, NULL, NULL, NULL, NULL),
	(491, 'Suit 1', 9, '0', 2000, 2000, '1', '', 1, '2013-08-25 10:23:46', 1, '2013-08-25 10:23:46', '127.0.0.1'),
	(492, 'Suit 2', 9, '0', 2000, 2000, '1', '', 1, '2013-08-25 10:24:10', 1, '2013-08-25 10:24:10', '127.0.0.1'),
	(493, 'Suit 3', 9, '0', 2000, 2000, '1', NULL, 1, '2013-08-25 10:24:10', 1, '2013-08-25 10:24:10', '127.0.0.1'),
	(494, 'Suit 4', 9, '0', 2000, 2000, '1', NULL, 1, '2013-08-25 10:24:10', 1, '2013-08-25 10:24:10', '127.0.0.1'),
	(495, 'Suit 5', 9, '0', 2000, 2000, '1', NULL, 1, '2013-08-25 10:24:10', 1, '2013-08-25 10:24:10', '127.0.0.1'),
	(496, 'Suit 6', 9, '0', 2000, 2000, '1', NULL, 1, '2013-08-25 10:24:10', 1, '2013-08-25 10:24:10', '127.0.0.1'),
	(497, 'Suit 7', 9, '0', 2000, 2000, '1', NULL, 1, '2013-08-25 10:24:10', 1, '2013-08-25 10:24:10', '127.0.0.1'),
	(498, 'Suit 8', 9, '0', 2000, 2000, '1', NULL, 1, '2013-08-25 10:24:10', 1, '2013-08-25 10:24:10', '127.0.0.1');
/*!40000 ALTER TABLE `rooms` ENABLE KEYS */;


-- Dumping structure for table vemulavada_temple.update_history_details
DROP TABLE IF EXISTS `update_history_details`;
CREATE TABLE IF NOT EXISTS `update_history_details` (
  `id` int(11) NOT NULL AUTO_INCREMENT,
  `update_history_main_id` int(11) NOT NULL,
  `field_name` varchar(100) DEFAULT NULL,
  `old_value` varchar(100) DEFAULT NULL,
  `new_value` varchar(100) DEFAULT NULL,
  PRIMARY KEY (`id`),
  KEY `update_history_main_id` (`update_history_main_id`),
  CONSTRAINT `update_history_details_ibfk_1` FOREIGN KEY (`update_history_main_id`) REFERENCES `update_history_main` (`id`) ON DELETE CASCADE ON UPDATE CASCADE
) ENGINE=InnoDB DEFAULT CHARSET=latin1;

-- Dumping data for table vemulavada_temple.update_history_details: ~0 rows (approximately)
DELETE FROM `update_history_details`;
/*!40000 ALTER TABLE `update_history_details` DISABLE KEYS */;
/*!40000 ALTER TABLE `update_history_details` ENABLE KEYS */;


-- Dumping structure for table vemulavada_temple.update_history_details_php
DROP TABLE IF EXISTS `update_history_details_php`;
CREATE TABLE IF NOT EXISTS `update_history_details_php` (
  `id` int(11) NOT NULL AUTO_INCREMENT,
  `update_history_main_php_id` int(11) NOT NULL,
  `field_name` varchar(100) DEFAULT NULL,
  `old_value` varchar(100) DEFAULT NULL,
  `new_value` varchar(100) DEFAULT NULL,
  PRIMARY KEY (`id`),
  KEY `update_history_main_php_id` (`update_history_main_php_id`),
  CONSTRAINT `update_history_details_php_ibfk_1` FOREIGN KEY (`update_history_main_php_id`) REFERENCES `update_history_main_php` (`id`) ON DELETE CASCADE ON UPDATE CASCADE
) ENGINE=InnoDB AUTO_INCREMENT=754 DEFAULT CHARSET=latin1;

-- Dumping data for table vemulavada_temple.update_history_details_php: ~778 rows (approximately)
DELETE FROM `update_history_details_php`;
/*!40000 ALTER TABLE `update_history_details_php` DISABLE KEYS */;
INSERT INTO `update_history_details_php` (`id`, `update_history_main_php_id`, `field_name`, `old_value`, `new_value`) VALUES
	(1, 276, 'application_id', '', '11'),
	(2, 276, 'applicant_name', '', 'Naren'),
	(3, 276, 'phone_no', '', '9999999999'),
	(4, 276, 'applicant_address', '', 'hyd'),
	(5, 276, 'address_proof', '', 'aa'),
	(6, 276, 'vip_quota', '', '0'),
	(7, 276, 'vip_ref_by', '', ''),
	(8, 276, 'no_of_persons', '', '3'),
	(9, 276, 'created_by', '', '4'),
	(10, 276, 'created_date', '', '2012-11-20 22:36:51'),
	(11, 276, 'modified_by', '', '4'),
	(12, 276, 'modified_date', '', '2012-11-20 22:36:51'),
	(13, 276, 'ipaddress', '', '127.0.0.1'),
	(14, 277, 'application_details_id', '', '1'),
	(15, 277, 'blocks_id', '', '1'),
	(16, 277, 'rooms_id', '', '5'),
	(17, 277, 'from_date', '', '2012-11-20 22:36:51'),
	(18, 277, 'to_date', '', '2012-11-21 22:36:51'),
	(19, 277, 'checkout_date', '', '2012-11-21 22:36:51'),
	(20, 277, 'no_of_days', '', '1'),
	(21, 277, 'booking_type', '', '1'),
	(22, 277, 'created_by', '', '4'),
	(23, 277, 'created_date', '', '2012-11-20 22:36:51'),
	(24, 277, 'modified_by', '', '4'),
	(25, 277, 'modified_date', '', '2012-11-20 22:36:51'),
	(26, 277, 'ipaddress', '', '127.0.0.1'),
	(27, 278, 'application_details_id', '', '1'),
	(28, 278, 'deposit_amt', '', '250'),
	(29, 278, 'rent_amount', '', '250'),
	(30, 278, 'advance_amount', '', '0'),
	(31, 278, 'total_amount_paid', '', '500'),
	(32, 278, 'received_by', '', '4'),
	(33, 278, 'received_date', '', '2012-11-20 22:36:51'),
	(34, 278, 'modified_by', '', '4'),
	(35, 278, 'modified_date', '', '2012-11-20 22:36:51'),
	(36, 278, 'ipaddress', '', '127.0.0.1'),
	(37, 279, 'application_id', '', '12'),
	(38, 279, 'applicant_name', '', 'ddd'),
	(39, 279, 'phone_no', '', '4444444444'),
	(40, 279, 'applicant_address', '', 'eee'),
	(41, 279, 'address_proof', '', 'e'),
	(42, 279, 'vip_quota', '', '0'),
	(43, 279, 'vip_ref_by', '', ''),
	(44, 279, 'no_of_persons', '', '2'),
	(45, 279, 'created_by', '', '4'),
	(46, 279, 'created_date', '', '2012-11-20 22:38:46'),
	(47, 279, 'modified_by', '', '4'),
	(48, 279, 'modified_date', '', '2012-11-20 22:38:46'),
	(49, 279, 'ipaddress', '', '127.0.0.1'),
	(50, 280, 'application_details_id', '', '2'),
	(51, 280, 'blocks_id', '', '1'),
	(52, 280, 'rooms_id', '', '6'),
	(53, 280, 'from_date', '', '2012-11-20 22:38:46'),
	(54, 280, 'to_date', '', '2012-11-21 22:38:46'),
	(55, 280, 'checkout_date', '', '2012-11-21 22:38:46'),
	(56, 280, 'no_of_days', '', '1'),
	(57, 280, 'booking_type', '', '1'),
	(58, 280, 'created_by', '', '4'),
	(59, 280, 'created_date', '', '2012-11-20 22:38:46'),
	(60, 280, 'modified_by', '', '4'),
	(61, 280, 'modified_date', '', '2012-11-20 22:38:46'),
	(62, 280, 'ipaddress', '', '127.0.0.1'),
	(63, 281, 'application_details_id', '', '2'),
	(64, 281, 'deposit_amt', '', '250'),
	(65, 281, 'rent_amount', '', '250'),
	(66, 281, 'advance_amount', '', '0'),
	(67, 281, 'total_amount_paid', '', '500'),
	(68, 281, 'received_by', '', '4'),
	(69, 281, 'received_date', '', '2012-11-20 22:38:46'),
	(70, 281, 'modified_by', '', '4'),
	(71, 281, 'modified_date', '', '2012-11-20 22:38:46'),
	(72, 281, 'ipaddress', '', '127.0.0.1'),
	(73, 282, 'application_id', '', '123'),
	(74, 282, 'applicant_name', '', 'Kumar'),
	(75, 282, 'phone_no', '', '9999999999'),
	(76, 282, 'applicant_address', '', 'hyd'),
	(77, 282, 'address_proof', '', 'driving lic'),
	(78, 282, 'vip_quota', '', '0'),
	(79, 282, 'vip_ref_by', '', ''),
	(80, 282, 'no_of_persons', '', '4'),
	(81, 282, 'created_by', '', '4'),
	(82, 282, 'created_date', '', '2013-08-15 10:31:51'),
	(83, 282, 'modified_by', '', '4'),
	(84, 282, 'modified_date', '', '2013-08-15 10:31:51'),
	(85, 282, 'ipaddress', '', '127.0.0.1'),
	(86, 283, 'application_details_id', '', '3'),
	(87, 283, 'blocks_id', '', '1'),
	(88, 283, 'rooms_id', '', '5'),
	(89, 283, 'from_date', '', '2013-08-15 10:31:51'),
	(90, 283, 'to_date', '', '2013-08-16 10:31:51'),
	(91, 283, 'checkout_date', '', '2013-08-16 10:31:51'),
	(92, 283, 'no_of_days', '', '1'),
	(93, 283, 'booking_type', '', '1'),
	(94, 283, 'created_by', '', '4'),
	(95, 283, 'created_date', '', '2013-08-15 10:31:51'),
	(96, 283, 'modified_by', '', '4'),
	(97, 283, 'modified_date', '', '2013-08-15 10:31:51'),
	(98, 283, 'ipaddress', '', '127.0.0.1'),
	(99, 284, 'application_details_id', '', '3'),
	(100, 284, 'deposit_amt', '', '250'),
	(101, 284, 'rent_amount', '', '250'),
	(102, 284, 'advance_amount', '', '0'),
	(103, 284, 'total_amount_paid', '', '500'),
	(104, 284, 'received_by', '', '4'),
	(105, 284, 'received_date', '', '2013-08-15 10:31:51'),
	(106, 284, 'modified_by', '', '4'),
	(107, 284, 'modified_date', '', '2013-08-15 10:31:51'),
	(108, 284, 'ipaddress', '', '127.0.0.1'),
	(109, 285, 'application_id', '', '211'),
	(110, 285, 'applicant_name', '', 'k1'),
	(111, 285, 'phone_no', '', '9999999999'),
	(112, 285, 'applicant_address', '', 'hyd'),
	(113, 285, 'address_proof', '', 'ddd'),
	(114, 285, 'vip_quota', '', '0'),
	(115, 285, 'vip_ref_by', '', ''),
	(116, 285, 'no_of_persons', '', '5'),
	(117, 285, 'created_by', '', '4'),
	(118, 285, 'created_date', '', '2013-08-15 10:36:45'),
	(119, 285, 'modified_by', '', '4'),
	(120, 285, 'modified_date', '', '2013-08-15 10:36:45'),
	(121, 285, 'ipaddress', '', '127.0.0.1'),
	(122, 286, 'application_details_id', '', '4'),
	(123, 286, 'blocks_id', '', '1'),
	(124, 286, 'rooms_id', '', '6'),
	(125, 286, 'from_date', '', '2013-08-15 10:36:45'),
	(126, 286, 'to_date', '', '2013-08-16 10:36:45'),
	(127, 286, 'checkout_date', '', '2013-08-16 10:36:45'),
	(128, 286, 'no_of_days', '', '1'),
	(129, 286, 'booking_type', '', '1'),
	(130, 286, 'created_by', '', '4'),
	(131, 286, 'created_date', '', '2013-08-15 10:36:45'),
	(132, 286, 'modified_by', '', '4'),
	(133, 286, 'modified_date', '', '2013-08-15 10:36:45'),
	(134, 286, 'ipaddress', '', '127.0.0.1'),
	(135, 287, 'application_details_id', '', '4'),
	(136, 287, 'deposit_amt', '', '250'),
	(137, 287, 'rent_amount', '', '250'),
	(138, 287, 'advance_amount', '', '0'),
	(139, 287, 'total_amount_paid', '', '500'),
	(140, 287, 'received_by', '', '4'),
	(141, 287, 'received_date', '', '2013-08-15 10:36:45'),
	(142, 287, 'modified_by', '', '4'),
	(143, 287, 'modified_date', '', '2013-08-15 10:36:45'),
	(144, 287, 'ipaddress', '', '127.0.0.1'),
	(145, 288, 'to_date', '2013-08-16 10:31:51', '2013-08-15 10:39:22'),
	(146, 288, 'booked_status', '1', '0'),
	(147, 288, 'modified_date', '2013-08-15 10:31:51', '2013-08-15 10:39:22'),
	(148, 289, 'receipt_id', '', '3'),
	(149, 289, 'deposit_refund_amount', '', '150'),
	(150, 289, 'damage_amount', '', '100'),
	(151, 289, 'deposit_refund_by', '', '4'),
	(152, 289, 'deposit_refund_date', '', '2013-08-15 10:39:22'),
	(153, 289, 'modified_by', '', '4'),
	(154, 289, 'modified_date', '', '2013-08-15 10:39:22'),
	(155, 289, 'ipaddress', '', '127.0.0.1'),
	(156, 290, 'application_id', '', '111'),
	(157, 290, 'applicant_name', '', 'kkk'),
	(158, 290, 'phone_no', '', '9999999999'),
	(159, 290, 'applicant_address', '', 'hyd'),
	(160, 290, 'address_proof', '', 'ddd'),
	(161, 290, 'vip_quota', '', '0'),
	(162, 290, 'vip_ref_by', '', ''),
	(163, 290, 'no_of_persons', '', '3'),
	(164, 290, 'created_by', '', '4'),
	(165, 290, 'created_date', '', '2013-08-15 10:48:59'),
	(166, 290, 'modified_by', '', '4'),
	(167, 290, 'modified_date', '', '2013-08-15 10:48:59'),
	(168, 290, 'ipaddress', '', '127.0.0.1'),
	(169, 291, 'application_details_id', '', '5'),
	(170, 291, 'blocks_id', '', '2'),
	(171, 291, 'rooms_id', '', '33'),
	(172, 291, 'from_date', '', '2013-08-15 10:48:59'),
	(173, 291, 'to_date', '', '2013-08-16 10:48:59'),
	(174, 291, 'checkout_date', '', '2013-08-16 10:48:59'),
	(175, 291, 'no_of_days', '', '1'),
	(176, 291, 'booking_type', '', '1'),
	(177, 291, 'created_by', '', '4'),
	(178, 291, 'created_date', '', '2013-08-15 10:48:59'),
	(179, 291, 'modified_by', '', '4'),
	(180, 291, 'modified_date', '', '2013-08-15 10:48:59'),
	(181, 291, 'ipaddress', '', '127.0.0.1'),
	(182, 292, 'application_details_id', '', '5'),
	(183, 292, 'deposit_amt', '', '150'),
	(184, 292, 'rent_amount', '', '150'),
	(185, 292, 'advance_amount', '', '0'),
	(186, 292, 'total_amount_paid', '', '300'),
	(187, 292, 'received_by', '', '4'),
	(188, 292, 'received_date', '', '2013-08-15 10:48:59'),
	(189, 292, 'modified_by', '', '4'),
	(190, 292, 'modified_date', '', '2013-08-15 10:48:59'),
	(191, 292, 'ipaddress', '', '127.0.0.1'),
	(192, 293, 'status', '1', '0'),
	(193, 293, 'modified_date', '2012-11-04 07:43:22', '2013-08-15 05:42:10'),
	(194, 294, 'status', '0', '1'),
	(195, 294, 'modified_date', '2013-08-15 05:42:10', '2013-08-15 05:42:50'),
	(196, 295, 'status', '1', '0'),
	(197, 295, 'reason', '', 'renovation'),
	(198, 295, 'modified_by', '', '1'),
	(199, 295, 'modified_date', '', '2013-08-15 05:43:25'),
	(200, 295, 'ipaddress', '', '127.0.0.1'),
	(201, 296, 'status', '1', '0'),
	(202, 296, 'modified_by', '', '1'),
	(203, 296, 'modified_date', '', '2013-08-15 05:44:01'),
	(204, 296, 'ipaddress', '', '127.0.0.1'),
	(205, 297, 'status', '0', '1'),
	(206, 297, 'modified_date', '2013-08-15 05:43:25', '2013-08-15 05:45:10'),
	(207, 298, 'status', '0', '1'),
	(208, 298, 'modified_date', '2013-08-15 05:44:01', '2013-08-15 05:45:31'),
	(209, 299, 'application_id', '', '1'),
	(210, 299, 'applicant_name', '', 'rajashekar'),
	(211, 299, 'phone_no', '', '9898989898'),
	(212, 299, 'applicant_address', '', 'hyd'),
	(213, 299, 'address_proof', '', 'akkdfjkdfjksd'),
	(214, 299, 'vip_quota', '', '0'),
	(215, 299, 'vip_ref_by', '', ''),
	(216, 299, 'no_of_persons', '', '4'),
	(217, 299, 'created_by', '', '4'),
	(218, 299, 'created_date', '', '2013-08-25 14:32:06'),
	(219, 299, 'modified_by', '', '4'),
	(220, 299, 'modified_date', '', '2013-08-25 14:32:06'),
	(221, 299, 'ipaddress', '', '127.0.0.1'),
	(222, 300, 'application_details_id', '', '6'),
	(223, 300, 'blocks_id', '', '1'),
	(224, 300, 'rooms_id', '', '10'),
	(225, 300, 'from_date', '', '2013-08-25 14:32:06'),
	(226, 300, 'to_date', '', '2013-08-26 14:32:06'),
	(227, 300, 'checkout_date', '', '2013-08-26 14:32:06'),
	(228, 300, 'no_of_days', '', '1'),
	(229, 300, 'booking_type', '', '1'),
	(230, 300, 'created_by', '', '4'),
	(231, 300, 'created_date', '', '2013-08-25 14:32:06'),
	(232, 300, 'modified_by', '', '4'),
	(233, 300, 'modified_date', '', '2013-08-25 14:32:06'),
	(234, 300, 'ipaddress', '', '127.0.0.1'),
	(235, 301, 'application_details_id', '', '6'),
	(236, 301, 'deposit_amt', '', '250'),
	(237, 301, 'rent_amount', '', '250'),
	(238, 301, 'advance_amount', '', '0'),
	(239, 301, 'total_amount_paid', '', '500'),
	(240, 301, 'received_by', '', '4'),
	(241, 301, 'received_date', '', '2013-08-25 14:32:06'),
	(242, 301, 'modified_by', '', '4'),
	(243, 301, 'modified_date', '', '2013-08-25 14:32:06'),
	(244, 301, 'ipaddress', '', '127.0.0.1'),
	(245, 302, 'application_id', '', '2'),
	(246, 302, 'applicant_name', '', 'test'),
	(247, 302, 'phone_no', '', '878787878'),
	(248, 302, 'applicant_address', '', 'sadf'),
	(249, 302, 'address_proof', '', 'asdf'),
	(250, 302, 'vip_quota', '', '0'),
	(251, 302, 'vip_ref_by', '', ''),
	(252, 302, 'no_of_persons', '', '3'),
	(253, 302, 'created_by', '', '4'),
	(254, 302, 'created_date', '', '2013-08-25 14:33:42'),
	(255, 302, 'modified_by', '', '4'),
	(256, 302, 'modified_date', '', '2013-08-25 14:33:42'),
	(257, 302, 'ipaddress', '', '127.0.0.1'),
	(258, 303, 'application_details_id', '', '7'),
	(259, 303, 'blocks_id', '', '1'),
	(260, 303, 'rooms_id', '', '12'),
	(261, 303, 'from_date', '', '2013-08-25 14:33:42'),
	(262, 303, 'to_date', '', '2013-08-26 14:33:42'),
	(263, 303, 'checkout_date', '', '2013-08-26 14:33:42'),
	(264, 303, 'no_of_days', '', '1'),
	(265, 303, 'booking_type', '', '1'),
	(266, 303, 'created_by', '', '4'),
	(267, 303, 'created_date', '', '2013-08-25 14:33:42'),
	(268, 303, 'modified_by', '', '4'),
	(269, 303, 'modified_date', '', '2013-08-25 14:33:42'),
	(270, 303, 'ipaddress', '', '127.0.0.1'),
	(271, 304, 'application_details_id', '', '7'),
	(272, 304, 'deposit_amt', '', '250'),
	(273, 304, 'rent_amount', '', '250'),
	(274, 304, 'advance_amount', '', '0'),
	(275, 304, 'total_amount_paid', '', '500'),
	(276, 304, 'received_by', '', '4'),
	(277, 304, 'received_date', '', '2013-08-25 14:33:42'),
	(278, 304, 'modified_by', '', '4'),
	(279, 304, 'modified_date', '', '2013-08-25 14:33:42'),
	(280, 304, 'ipaddress', '', '127.0.0.1'),
	(281, 305, 'to_date', '2013-08-26 14:32:06', '2013-08-25 14:36:09'),
	(282, 305, 'booked_status', '1', '0'),
	(283, 305, 'modified_date', '2013-08-25 14:32:06', '2013-08-25 14:36:09'),
	(284, 306, 'receipt_id', '', '6'),
	(285, 306, 'deposit_refund_amount', '', '150'),
	(286, 306, 'damage_amount', '', '100'),
	(287, 306, 'deposit_refund_by', '', '4'),
	(288, 306, 'deposit_refund_date', '', '2013-08-25 14:36:09'),
	(289, 306, 'modified_by', '', '4'),
	(290, 306, 'modified_date', '', '2013-08-25 14:36:09'),
	(291, 306, 'ipaddress', '', '127.0.0.1'),
	(292, 307, 'application_id', '', '3'),
	(293, 307, 'applicant_name', '', 'test'),
	(294, 307, 'phone_no', '', '343434343'),
	(295, 307, 'applicant_address', '', 'test'),
	(296, 307, 'address_proof', '', 'test'),
	(297, 307, 'vip_quota', '', '0'),
	(298, 307, 'vip_ref_by', '', ''),
	(299, 307, 'no_of_persons', '', '4'),
	(300, 307, 'created_by', '', '4'),
	(301, 307, 'created_date', '', '2013-08-25 14:37:44'),
	(302, 307, 'modified_by', '', '4'),
	(303, 307, 'modified_date', '', '2013-08-25 14:37:44'),
	(304, 307, 'ipaddress', '', '127.0.0.1'),
	(305, 308, 'application_details_id', '', '8'),
	(306, 308, 'blocks_id', '', '3'),
	(307, 308, 'rooms_id', '', '161'),
	(308, 308, 'from_date', '', '2013-08-25 14:37:44'),
	(309, 308, 'to_date', '', '2013-08-26 14:37:44'),
	(310, 308, 'checkout_date', '', '2013-08-26 14:37:44'),
	(311, 308, 'no_of_days', '', '1'),
	(312, 308, 'booking_type', '', '1'),
	(313, 308, 'created_by', '', '4'),
	(314, 308, 'created_date', '', '2013-08-25 14:37:44'),
	(315, 308, 'modified_by', '', '4'),
	(316, 308, 'modified_date', '', '2013-08-25 14:37:44'),
	(317, 308, 'ipaddress', '', '127.0.0.1'),
	(318, 309, 'application_details_id', '', '8'),
	(319, 309, 'deposit_amt', '', '500'),
	(320, 309, 'rent_amount', '', '500'),
	(321, 309, 'advance_amount', '', '0'),
	(322, 309, 'total_amount_paid', '', '1000'),
	(323, 309, 'received_by', '', '4'),
	(324, 309, 'received_date', '', '2013-08-25 14:37:44'),
	(325, 309, 'modified_by', '', '4'),
	(326, 309, 'modified_date', '', '2013-08-25 14:37:44'),
	(327, 309, 'ipaddress', '', '127.0.0.1'),
	(328, 310, 'deposit_amt', '500', '1000'),
	(329, 310, 'rent_amt', '500', '1000'),
	(330, 310, 'modified_date', '2012-11-04 08:23:10', '2013-08-25 09:17:28'),
	(331, 311, 'id', '', '0'),
	(332, 311, 'name', '', 'nandeeswara complex suits (A/C)'),
	(333, 311, 'status', '', '1'),
	(334, 311, 'created_by', '', '1'),
	(335, 311, 'created_date', '', '2013-08-25 09:27:13'),
	(336, 311, 'modified_by', '', '1'),
	(337, 311, 'modified_date', '', '2013-08-25 09:27:13'),
	(338, 311, 'ipaddress', '', '127.0.0.1'),
	(339, 312, 'id', '', '0'),
	(340, 312, 'name', '', '1'),
	(341, 312, 'blocks_id', '', '9'),
	(342, 312, 'vip_quota', '', '0'),
	(343, 312, 'deposit_amt', '', '2000'),
	(344, 312, 'rent_amt', '', '2000'),
	(345, 312, 'status', '', '1'),
	(346, 312, 'reason', '', ''),
	(347, 312, 'created_by', '', '1'),
	(348, 312, 'created_date', '', '2013-08-25 09:28:58'),
	(349, 312, 'modified_by', '', '1'),
	(350, 312, 'modified_date', '', '2013-08-25 09:28:58'),
	(351, 312, 'ipaddress', '', '127.0.0.1'),
	(352, 313, 'id', '', '0'),
	(353, 313, 'name', '', '1'),
	(354, 313, 'blocks_id', '', '9'),
	(355, 313, 'vip_quota', '', '0'),
	(356, 313, 'deposit_amt', '', '2000'),
	(357, 313, 'rent_amt', '', '2000'),
	(358, 313, 'status', '', '1'),
	(359, 313, 'reason', '', ''),
	(360, 313, 'created_by', '', '1'),
	(361, 313, 'created_date', '', '2013-08-25 09:29:50'),
	(362, 313, 'modified_by', '', '1'),
	(363, 313, 'modified_date', '', '2013-08-25 09:29:50'),
	(364, 313, 'ipaddress', '', '127.0.0.1'),
	(365, 314, 'id', '', '0'),
	(366, 314, 'name', '', '1'),
	(367, 314, 'blocks_id', '', '9'),
	(368, 314, 'vip_quota', '', '0'),
	(369, 314, 'deposit_amt', '', '2000'),
	(370, 314, 'rent_amt', '', '2000'),
	(371, 314, 'status', '', '1'),
	(372, 314, 'reason', '', ''),
	(373, 314, 'created_by', '', '1'),
	(374, 314, 'created_date', '', '2013-08-25 09:30:00'),
	(375, 314, 'modified_by', '', '1'),
	(376, 314, 'modified_date', '', '2013-08-25 09:30:00'),
	(377, 314, 'ipaddress', '', '127.0.0.1'),
	(378, 315, 'id', '', '0'),
	(379, 315, 'name', '', '1'),
	(380, 315, 'blocks_id', '', '9'),
	(381, 315, 'vip_quota', '', '0'),
	(382, 315, 'deposit_amt', '', '2000'),
	(383, 315, 'rent_amt', '', '2000'),
	(384, 315, 'status', '', '1'),
	(385, 315, 'reason', '', ''),
	(386, 315, 'created_by', '', '1'),
	(387, 315, 'created_date', '', '2013-08-25 09:30:01'),
	(388, 315, 'modified_by', '', '1'),
	(389, 315, 'modified_date', '', '2013-08-25 09:30:01'),
	(390, 315, 'ipaddress', '', '127.0.0.1'),
	(391, 316, 'id', '', '0'),
	(392, 316, 'name', '', '1'),
	(393, 316, 'blocks_id', '', '9'),
	(394, 316, 'vip_quota', '', '0'),
	(395, 316, 'deposit_amt', '', '2000'),
	(396, 316, 'rent_amt', '', '2000'),
	(397, 316, 'status', '', '1'),
	(398, 316, 'reason', '', ''),
	(399, 316, 'created_by', '', '1'),
	(400, 316, 'created_date', '', '2013-08-25 09:30:01'),
	(401, 316, 'modified_by', '', '1'),
	(402, 316, 'modified_date', '', '2013-08-25 09:30:01'),
	(403, 316, 'ipaddress', '', '127.0.0.1'),
	(404, 317, 'id', '', '0'),
	(405, 317, 'name', '', '1'),
	(406, 317, 'blocks_id', '', '9'),
	(407, 317, 'vip_quota', '', '0'),
	(408, 317, 'deposit_amt', '', '2000'),
	(409, 317, 'rent_amt', '', '2000'),
	(410, 317, 'status', '', '1'),
	(411, 317, 'reason', '', ''),
	(412, 317, 'created_by', '', '1'),
	(413, 317, 'created_date', '', '2013-08-25 09:30:02'),
	(414, 317, 'modified_by', '', '1'),
	(415, 317, 'modified_date', '', '2013-08-25 09:30:02'),
	(416, 317, 'ipaddress', '', '127.0.0.1'),
	(417, 318, 'id', '', '0'),
	(418, 318, 'name', '', '1'),
	(419, 318, 'blocks_id', '', '9'),
	(420, 318, 'vip_quota', '', '0'),
	(421, 318, 'deposit_amt', '', '2000'),
	(422, 318, 'rent_amt', '', '2000'),
	(423, 318, 'status', '', '1'),
	(424, 318, 'reason', '', ''),
	(425, 318, 'created_by', '', '1'),
	(426, 318, 'created_date', '', '2013-08-25 09:30:02'),
	(427, 318, 'modified_by', '', '1'),
	(428, 318, 'modified_date', '', '2013-08-25 09:30:02'),
	(429, 318, 'ipaddress', '', '127.0.0.1'),
	(430, 319, 'id', '', '0'),
	(431, 319, 'name', '', '1'),
	(432, 319, 'blocks_id', '', '9'),
	(433, 319, 'vip_quota', '', '0'),
	(434, 319, 'deposit_amt', '', '2000'),
	(435, 319, 'rent_amt', '', '2000'),
	(436, 319, 'status', '', '1'),
	(437, 319, 'reason', '', ''),
	(438, 319, 'created_by', '', '1'),
	(439, 319, 'created_date', '', '2013-08-25 09:30:41'),
	(440, 319, 'modified_by', '', '1'),
	(441, 319, 'modified_date', '', '2013-08-25 09:30:41'),
	(442, 319, 'ipaddress', '', '127.0.0.1'),
	(443, 320, 'reason', '', 'aa'),
	(444, 320, 'modified_by', '', '1'),
	(445, 320, 'modified_date', '', '2013-08-25 09:31:07'),
	(446, 320, 'ipaddress', '', '127.0.0.1'),
	(447, 321, 'deposit_amt', '1000', '750'),
	(448, 321, 'rent_amt', '1000', '750'),
	(449, 321, 'modified_date', '2013-08-25 09:17:28', '2013-08-25 09:32:13'),
	(450, 322, 'deposit_amt', '500', '750'),
	(451, 322, 'rent_amt', '500', '750'),
	(452, 322, 'modified_by', '', '1'),
	(453, 322, 'modified_date', '', '2013-08-25 09:34:40'),
	(454, 322, 'ipaddress', '', '127.0.0.1'),
	(455, 323, 'id', '', '0'),
	(456, 323, 'name', '', '1'),
	(457, 323, 'blocks_id', '', '1'),
	(458, 323, 'vip_quota', '', '0'),
	(459, 323, 'deposit_amt', '', '2000'),
	(460, 323, 'rent_amt', '', '2000'),
	(461, 323, 'status', '', '1'),
	(462, 323, 'reason', '', ''),
	(463, 323, 'created_by', '', '1'),
	(464, 323, 'created_date', '', '2013-08-25 09:38:17'),
	(465, 323, 'modified_by', '', '1'),
	(466, 323, 'modified_date', '', '2013-08-25 09:38:17'),
	(467, 323, 'ipaddress', '', '127.0.0.1'),
	(468, 324, 'id', '', '0'),
	(469, 324, 'name', '', '1'),
	(470, 324, 'blocks_id', '', '9'),
	(471, 324, 'vip_quota', '', '0'),
	(472, 324, 'deposit_amt', '', '2000'),
	(473, 324, 'rent_amt', '', '2000'),
	(474, 324, 'status', '', '1'),
	(475, 324, 'reason', '', ''),
	(476, 324, 'created_by', '', '1'),
	(477, 324, 'created_date', '', '2013-08-25 09:38:39'),
	(478, 324, 'modified_by', '', '1'),
	(479, 324, 'modified_date', '', '2013-08-25 09:38:39'),
	(480, 324, 'ipaddress', '', '127.0.0.1'),
	(481, 325, 'id', '', '0'),
	(482, 325, 'name', '', 'test'),
	(483, 325, 'status', '', '1'),
	(484, 325, 'created_by', '', '1'),
	(485, 325, 'created_date', '', '2013-08-25 09:39:10'),
	(486, 325, 'modified_by', '', '1'),
	(487, 325, 'modified_date', '', '2013-08-25 09:39:10'),
	(488, 325, 'ipaddress', '', '127.0.0.1'),
	(489, 326, 'id', '', '0'),
	(490, 326, 'name', '', '100'),
	(491, 326, 'blocks_id', '', '10'),
	(492, 326, 'vip_quota', '', '0'),
	(493, 326, 'deposit_amt', '', '2000'),
	(494, 326, 'rent_amt', '', '2000'),
	(495, 326, 'status', '', '1'),
	(496, 326, 'reason', '', ''),
	(497, 326, 'created_by', '', '1'),
	(498, 326, 'created_date', '', '2013-08-25 09:39:37'),
	(499, 326, 'modified_by', '', '1'),
	(500, 326, 'modified_date', '', '2013-08-25 09:39:37'),
	(501, 326, 'ipaddress', '', '127.0.0.1'),
	(502, 327, 'status', '1', '0'),
	(503, 327, 'modified_date', '2013-08-25 09:27:13', '2013-08-25 09:40:21'),
	(504, 328, 'id', '', '0'),
	(505, 328, 'name', '', 'Nandeeswara Complex Suits (A/C)'),
	(506, 328, 'status', '', '1'),
	(507, 328, 'created_by', '', '1'),
	(508, 328, 'created_date', '', '2013-08-25 09:42:11'),
	(509, 328, 'modified_by', '', '1'),
	(510, 328, 'modified_date', '', '2013-08-25 09:42:11'),
	(511, 328, 'ipaddress', '', '127.0.0.1'),
	(512, 329, 'id', '', '0'),
	(513, 329, 'name', '', '1'),
	(514, 329, 'blocks_id', '', '9'),
	(515, 329, 'vip_quota', '', '0'),
	(516, 329, 'deposit_amt', '', '2000'),
	(517, 329, 'rent_amt', '', '2000'),
	(518, 329, 'status', '', '1'),
	(519, 329, 'reason', '', ''),
	(520, 329, 'created_by', '', '1'),
	(521, 329, 'created_date', '', '2013-08-25 09:42:36'),
	(522, 329, 'modified_by', '', '1'),
	(523, 329, 'modified_date', '', '2013-08-25 09:42:36'),
	(524, 329, 'ipaddress', '', '127.0.0.1'),
	(525, 330, 'name', 'Nandeeswara Complex Suits (A/C)', 'test'),
	(526, 330, 'modified_date', '2013-08-25 09:42:11', '2013-08-25 09:43:22'),
	(527, 331, 'id', '', '0'),
	(528, 331, 'name', '', '1'),
	(529, 331, 'blocks_id', '', '1'),
	(530, 331, 'vip_quota', '', '0'),
	(531, 331, 'deposit_amt', '', '2000'),
	(532, 331, 'rent_amt', '', '2000'),
	(533, 331, 'status', '', '1'),
	(534, 331, 'reason', '', ''),
	(535, 331, 'created_by', '', '1'),
	(536, 331, 'created_date', '', '2013-08-25 09:43:57'),
	(537, 331, 'modified_by', '', '1'),
	(538, 331, 'modified_date', '', '2013-08-25 09:43:57'),
	(539, 331, 'ipaddress', '', '127.0.0.1'),
	(540, 332, 'id', '', '0'),
	(541, 332, 'name', '', '1'),
	(542, 332, 'blocks_id', '', '9'),
	(543, 332, 'vip_quota', '', '0'),
	(544, 332, 'deposit_amt', '', '2000'),
	(545, 332, 'rent_amt', '', '2000'),
	(546, 332, 'status', '', '1'),
	(547, 332, 'reason', '', ''),
	(548, 332, 'created_by', '', '1'),
	(549, 332, 'created_date', '', '2013-08-25 09:44:02'),
	(550, 332, 'modified_by', '', '1'),
	(551, 332, 'modified_date', '', '2013-08-25 09:44:02'),
	(552, 332, 'ipaddress', '', '127.0.0.1'),
	(553, 333, 'id', '', '0'),
	(554, 333, 'name', '', '1'),
	(555, 333, 'blocks_id', '', '9'),
	(556, 333, 'vip_quota', '', '0'),
	(557, 333, 'deposit_amt', '', '2000'),
	(558, 333, 'rent_amt', '', '2000'),
	(559, 333, 'status', '', '1'),
	(560, 333, 'reason', '', ''),
	(561, 333, 'created_by', '', '1'),
	(562, 333, 'created_date', '', '2013-08-25 09:44:02'),
	(563, 333, 'modified_by', '', '1'),
	(564, 333, 'modified_date', '', '2013-08-25 09:44:02'),
	(565, 333, 'ipaddress', '', '127.0.0.1'),
	(566, 334, 'id', '', '0'),
	(567, 334, 'name', '', '1'),
	(568, 334, 'blocks_id', '', '9'),
	(569, 334, 'vip_quota', '', '0'),
	(570, 334, 'deposit_amt', '', '2000'),
	(571, 334, 'rent_amt', '', '2000'),
	(572, 334, 'status', '', '1'),
	(573, 334, 'reason', '', ''),
	(574, 334, 'created_by', '', '1'),
	(575, 334, 'created_date', '', '2013-08-25 09:44:02'),
	(576, 334, 'modified_by', '', '1'),
	(577, 334, 'modified_date', '', '2013-08-25 09:44:02'),
	(578, 334, 'ipaddress', '', '127.0.0.1'),
	(579, 335, 'id', '', '0'),
	(580, 335, 'name', '', '1'),
	(581, 335, 'blocks_id', '', '9'),
	(582, 335, 'vip_quota', '', '0'),
	(583, 335, 'deposit_amt', '', '2000'),
	(584, 335, 'rent_amt', '', '2000'),
	(585, 335, 'status', '', '1'),
	(586, 335, 'reason', '', ''),
	(587, 335, 'created_by', '', '1'),
	(588, 335, 'created_date', '', '2013-08-25 09:44:36'),
	(589, 335, 'modified_by', '', '1'),
	(590, 335, 'modified_date', '', '2013-08-25 09:44:36'),
	(591, 335, 'ipaddress', '', '127.0.0.1'),
	(592, 336, 'application_id', '', '1'),
	(593, 336, 'applicant_name', '', 'rtyyu'),
	(594, 336, 'phone_no', '', '252555'),
	(595, 336, 'applicant_address', '', 'ghiopo'),
	(596, 336, 'address_proof', '', 'ooo'),
	(597, 336, 'vip_quota', '', '0'),
	(598, 336, 'vip_ref_by', '', ''),
	(599, 336, 'no_of_persons', '', '4'),
	(600, 336, 'created_by', '', '4'),
	(601, 336, 'created_date', '', '2013-08-25 15:23:47'),
	(602, 336, 'modified_by', '', '4'),
	(603, 336, 'modified_date', '', '2013-08-25 15:23:47'),
	(604, 336, 'ipaddress', '', '127.0.0.1'),
	(605, 337, 'application_details_id', '', '9'),
	(606, 337, 'blocks_id', '', '1'),
	(607, 337, 'rooms_id', '', '11'),
	(608, 337, 'from_date', '', '2013-08-25 15:23:47'),
	(609, 337, 'to_date', '', '2013-08-26 15:23:47'),
	(610, 337, 'checkout_date', '', '2013-08-26 15:23:47'),
	(611, 337, 'no_of_days', '', '1'),
	(612, 337, 'booking_type', '', '1'),
	(613, 337, 'created_by', '', '4'),
	(614, 337, 'created_date', '', '2013-08-25 15:23:47'),
	(615, 337, 'modified_by', '', '4'),
	(616, 337, 'modified_date', '', '2013-08-25 15:23:47'),
	(617, 337, 'ipaddress', '', '127.0.0.1'),
	(618, 338, 'application_details_id', '', '9'),
	(619, 338, 'deposit_amt', '', '350'),
	(620, 338, 'rent_amount', '', '350'),
	(621, 338, 'advance_amount', '', '0'),
	(622, 338, 'total_amount_paid', '', '700'),
	(623, 338, 'received_by', '', '4'),
	(624, 338, 'received_date', '', '2013-08-25 15:23:47'),
	(625, 338, 'modified_by', '', '4'),
	(626, 338, 'modified_date', '', '2013-08-25 15:23:47'),
	(627, 338, 'ipaddress', '', '127.0.0.1'),
	(628, 339, 'name', 'test', 'Nandeeswara Complex Suits (A/C)'),
	(629, 339, 'modified_date', '2013-08-25 09:43:22', '2013-08-25 10:13:27'),
	(630, 340, 'id', '', '0'),
	(631, 340, 'name', '', '1'),
	(632, 340, 'blocks_id', '', '9'),
	(633, 340, 'vip_quota', '', '0'),
	(634, 340, 'deposit_amt', '', '2000'),
	(635, 340, 'rent_amt', '', '2000'),
	(636, 340, 'status', '', '1'),
	(637, 340, 'reason', '', 'a'),
	(638, 340, 'created_by', '', '1'),
	(639, 340, 'created_date', '', '2013-08-25 10:14:01'),
	(640, 340, 'modified_by', '', '1'),
	(641, 340, 'modified_date', '', '2013-08-25 10:14:01'),
	(642, 340, 'ipaddress', '', '127.0.0.1'),
	(643, 341, 'id', '', '0'),
	(644, 341, 'emp_fname', '', 'operator'),
	(645, 341, 'emp_lname', '', '3'),
	(646, 341, 'emp_id', '', '665'),
	(647, 341, 'user_name', '', 'Kumar'),
	(648, 341, 'password', '', '12345'),
	(649, 341, 'emp_role', '', '4'),
	(650, 341, 'status', '', '1'),
	(651, 341, 'created_by', '', '1'),
	(652, 341, 'created_date', '', '2013-08-25 10:17:08'),
	(653, 341, 'modified_by', '', '1'),
	(654, 341, 'modified_date', '', '2013-08-25 10:17:08'),
	(655, 341, 'ipaddress', '', '127.0.0.1'),
	(656, 342, 'id', '', '0'),
	(657, 342, 'name', '', 'Suit 1'),
	(658, 342, 'blocks_id', '', '9'),
	(659, 342, 'vip_quota', '', '0'),
	(660, 342, 'deposit_amt', '', '2000'),
	(661, 342, 'rent_amt', '', '2000'),
	(662, 342, 'status', '', '1'),
	(663, 342, 'reason', '', ''),
	(664, 342, 'created_by', '', '1'),
	(665, 342, 'created_date', '', '2013-08-25 10:23:46'),
	(666, 342, 'modified_by', '', '1'),
	(667, 342, 'modified_date', '', '2013-08-25 10:23:46'),
	(668, 342, 'ipaddress', '', '127.0.0.1'),
	(669, 343, 'id', '', '0'),
	(670, 343, 'name', '', 'Suit 2'),
	(671, 343, 'blocks_id', '', '9'),
	(672, 343, 'vip_quota', '', '0'),
	(673, 343, 'deposit_amt', '', '2000'),
	(674, 343, 'rent_amt', '', '2000'),
	(675, 343, 'status', '', '1'),
	(676, 343, 'reason', '', ''),
	(677, 343, 'created_by', '', '1'),
	(678, 343, 'created_date', '', '2013-08-25 10:24:10'),
	(679, 343, 'modified_by', '', '1'),
	(680, 343, 'modified_date', '', '2013-08-25 10:24:10'),
	(681, 343, 'ipaddress', '', '127.0.0.1'),
	(682, 344, 'application_id', '', '111'),
	(683, 344, 'applicant_name', '', 'fgfd'),
	(684, 344, 'phone_no', '', '353543'),
	(685, 344, 'applicant_address', '', 'gfdgfd'),
	(686, 344, 'address_proof', '', 'tre'),
	(687, 344, 'vip_quota', '', '0'),
	(688, 344, 'vip_ref_by', '', ''),
	(689, 344, 'no_of_persons', '', '4'),
	(690, 344, 'created_by', '', '4'),
	(691, 344, 'created_date', '', '2013-08-25 15:55:30'),
	(692, 344, 'modified_by', '', '4'),
	(693, 344, 'modified_date', '', '2013-08-25 15:55:30'),
	(694, 344, 'ipaddress', '', '127.0.0.1'),
	(695, 345, 'application_details_id', '', '10'),
	(696, 345, 'blocks_id', '', '9'),
	(697, 345, 'rooms_id', '', '491'),
	(698, 345, 'from_date', '', '2013-08-25 15:55:30'),
	(699, 345, 'to_date', '', '2013-08-26 15:55:30'),
	(700, 345, 'checkout_date', '', '2013-08-26 15:55:30'),
	(701, 345, 'no_of_days', '', '1'),
	(702, 345, 'booking_type', '', '1'),
	(703, 345, 'created_by', '', '4'),
	(704, 345, 'created_date', '', '2013-08-25 15:55:30'),
	(705, 345, 'modified_by', '', '4'),
	(706, 345, 'modified_date', '', '2013-08-25 15:55:30'),
	(707, 345, 'ipaddress', '', '127.0.0.1'),
	(708, 346, 'application_details_id', '', '10'),
	(709, 346, 'deposit_amt', '', '2000'),
	(710, 346, 'rent_amount', '', '2000'),
	(711, 346, 'advance_amount', '', '0'),
	(712, 346, 'total_amount_paid', '', '4000'),
	(713, 346, 'received_by', '', '4'),
	(714, 346, 'received_date', '', '2013-08-25 15:55:30'),
	(715, 346, 'modified_by', '', '4'),
	(716, 346, 'modified_date', '', '2013-08-25 15:55:30'),
	(717, 346, 'ipaddress', '', '127.0.0.1'),
	(718, 347, 'application_id', '', '999'),
	(719, 347, 'applicant_name', '', 'adsa'),
	(720, 347, 'phone_no', '', '4645654'),
	(721, 347, 'applicant_address', '', 'fgd'),
	(722, 347, 'address_proof', '', 'dfgd'),
	(723, 347, 'vip_quota', '', '0'),
	(724, 347, 'vip_ref_by', '', ''),
	(725, 347, 'no_of_persons', '', '4'),
	(726, 347, 'created_by', '', '4'),
	(727, 347, 'created_date', '', '2013-08-25 16:24:48'),
	(728, 347, 'modified_by', '', '4'),
	(729, 347, 'modified_date', '', '2013-08-25 16:24:48'),
	(730, 347, 'ipaddress', '', '127.0.0.1'),
	(731, 348, 'application_details_id', '', '11'),
	(732, 348, 'blocks_id', '', '1'),
	(733, 348, 'rooms_id', '', '7'),
	(734, 348, 'from_date', '', '2013-08-25 16:24:48'),
	(735, 348, 'to_date', '', '2013-08-26 16:24:48'),
	(736, 348, 'checkout_date', '', '2013-08-26 16:24:48'),
	(737, 348, 'no_of_days', '', '1'),
	(738, 348, 'booking_type', '', '1'),
	(739, 348, 'created_by', '', '4'),
	(740, 348, 'created_date', '', '2013-08-25 16:24:48'),
	(741, 348, 'modified_by', '', '4'),
	(742, 348, 'modified_date', '', '2013-08-25 16:24:48'),
	(743, 348, 'ipaddress', '', '127.0.0.1'),
	(744, 349, 'application_details_id', '', '11'),
	(745, 349, 'deposit_amt', '', '350'),
	(746, 349, 'rent_amount', '', '350'),
	(747, 349, 'advance_amount', '', '0'),
	(748, 349, 'total_amount_paid', '', '700'),
	(749, 349, 'received_by', '', '4'),
	(750, 349, 'received_date', '', '2013-08-25 16:24:48'),
	(751, 349, 'modified_by', '', '4'),
	(752, 349, 'modified_date', '', '2013-08-25 16:24:48'),
	(753, 349, 'ipaddress', '', '127.0.0.1');
/*!40000 ALTER TABLE `update_history_details_php` ENABLE KEYS */;


-- Dumping structure for table vemulavada_temple.update_history_main
DROP TABLE IF EXISTS `update_history_main`;
CREATE TABLE IF NOT EXISTS `update_history_main` (
  `id` int(11) NOT NULL AUTO_INCREMENT,
  `modify_date` datetime NOT NULL,
  `table_involved` varchar(50) NOT NULL,
  `action` varchar(50) NOT NULL,
  PRIMARY KEY (`id`)
) ENGINE=InnoDB DEFAULT CHARSET=latin1;

-- Dumping data for table vemulavada_temple.update_history_main: ~0 rows (approximately)
DELETE FROM `update_history_main`;
/*!40000 ALTER TABLE `update_history_main` DISABLE KEYS */;
/*!40000 ALTER TABLE `update_history_main` ENABLE KEYS */;


-- Dumping structure for table vemulavada_temple.update_history_main_php
DROP TABLE IF EXISTS `update_history_main_php`;
CREATE TABLE IF NOT EXISTS `update_history_main_php` (
  `id` int(11) NOT NULL AUTO_INCREMENT,
  `modify_date` datetime NOT NULL,
  `table_involved` varchar(50) NOT NULL,
  `action` varchar(50) NOT NULL,
  `users_id` int(11) NOT NULL,
  `ip_address` varchar(50) NOT NULL,
  PRIMARY KEY (`id`)
) ENGINE=InnoDB AUTO_INCREMENT=350 DEFAULT CHARSET=latin1;

-- Dumping data for table vemulavada_temple.update_history_main_php: ~233 rows (approximately)
DELETE FROM `update_history_main_php`;
/*!40000 ALTER TABLE `update_history_main_php` DISABLE KEYS */;
INSERT INTO `update_history_main_php` (`id`, `modify_date`, `table_involved`, `action`, `users_id`, `ip_address`) VALUES
	(1, '2012-09-24 23:10:33', 'application_details', 'insert', 1, '127.0.0.1'),
	(2, '2012-09-24 23:10:33', 'booking_details', 'insert', 1, '127.0.0.1'),
	(3, '2012-09-24 23:10:33', 'receipts', 'insert', 1, '127.0.0.1'),
	(4, '2012-09-24 23:11:30', 'application_details', 'insert', 1, '127.0.0.1'),
	(5, '2012-09-24 23:11:30', 'booking_details', 'insert', 1, '127.0.0.1'),
	(6, '2012-09-24 23:11:30', 'receipts', 'insert', 1, '127.0.0.1'),
	(7, '2012-09-24 23:11:47', 'application_details', 'insert', 1, '127.0.0.1'),
	(8, '2012-09-24 23:11:47', 'booking_details', 'insert', 1, '127.0.0.1'),
	(9, '2012-09-24 23:11:47', 'receipts', 'insert', 1, '127.0.0.1'),
	(10, '2012-09-24 23:55:51', 'application_details', 'insert', 1, '127.0.0.1'),
	(11, '2012-09-24 23:55:51', 'booking_details', 'insert', 1, '127.0.0.1'),
	(12, '2012-09-24 23:55:51', 'receipts', 'insert', 1, '127.0.0.1'),
	(13, '2012-09-24 23:58:31', 'application_details', 'insert', 1, '127.0.0.1'),
	(14, '2012-09-24 23:58:31', 'booking_details', 'insert', 1, '127.0.0.1'),
	(15, '2012-09-24 23:58:31', 'receipts', 'insert', 1, '127.0.0.1'),
	(16, '2012-09-25 00:02:46', 'application_details', 'insert', 1, '127.0.0.1'),
	(17, '2012-09-25 00:02:46', 'booking_details', 'insert', 1, '127.0.0.1'),
	(18, '2012-09-25 00:02:46', 'receipts', 'insert', 1, '127.0.0.1'),
	(19, '2012-09-25 00:05:57', 'application_details', 'insert', 1, '127.0.0.1'),
	(20, '2012-09-25 00:05:57', 'booking_details', 'insert', 1, '127.0.0.1'),
	(21, '2012-09-25 00:05:57', 'receipts', 'insert', 1, '127.0.0.1'),
	(22, '2012-10-03 01:08:24', 'application_details', 'insert', 1, '127.0.0.1'),
	(23, '2012-10-03 01:08:24', 'booking_details', 'insert', 1, '127.0.0.1'),
	(24, '2012-10-03 01:08:24', 'receipts', 'insert', 1, '127.0.0.1'),
	(25, '2012-10-03 01:08:31', 'application_details', 'insert', 1, '127.0.0.1'),
	(26, '2012-10-03 01:08:31', 'booking_details', 'insert', 1, '127.0.0.1'),
	(27, '2012-10-03 01:08:31', 'receipts', 'insert', 1, '127.0.0.1'),
	(28, '2012-10-03 01:08:34', 'application_details', 'insert', 1, '127.0.0.1'),
	(29, '2012-10-03 01:08:34', 'booking_details', 'insert', 1, '127.0.0.1'),
	(30, '2012-10-03 01:08:34', 'receipts', 'insert', 1, '127.0.0.1'),
	(31, '2012-10-03 01:09:57', 'application_details', 'insert', 1, '127.0.0.1'),
	(32, '2012-10-03 01:09:58', 'booking_details', 'insert', 1, '127.0.0.1'),
	(33, '2012-10-03 01:09:58', 'receipts', 'insert', 1, '127.0.0.1'),
	(34, '2012-10-03 01:10:01', 'application_details', 'insert', 1, '127.0.0.1'),
	(35, '2012-10-03 01:10:01', 'booking_details', 'insert', 1, '127.0.0.1'),
	(36, '2012-10-03 01:10:01', 'receipts', 'insert', 1, '127.0.0.1'),
	(37, '2012-10-03 01:11:13', 'application_details', 'insert', 1, '127.0.0.1'),
	(38, '2012-10-03 01:11:13', 'booking_details', 'insert', 1, '127.0.0.1'),
	(39, '2012-10-03 01:11:13', 'receipts', 'insert', 1, '127.0.0.1'),
	(40, '2012-10-03 01:11:17', 'application_details', 'insert', 1, '127.0.0.1'),
	(41, '2012-10-03 01:11:17', 'booking_details', 'insert', 1, '127.0.0.1'),
	(42, '2012-10-03 01:11:17', 'receipts', 'insert', 1, '127.0.0.1'),
	(43, '2012-10-03 01:13:15', 'application_details', 'insert', 1, '127.0.0.1'),
	(44, '2012-10-03 01:13:15', 'booking_details', 'insert', 1, '127.0.0.1'),
	(45, '2012-10-03 01:13:15', 'receipts', 'insert', 1, '127.0.0.1'),
	(46, '2012-10-03 01:13:35', 'application_details', 'insert', 1, '127.0.0.1'),
	(47, '2012-10-03 01:13:35', 'booking_details', 'insert', 1, '127.0.0.1'),
	(48, '2012-10-03 01:13:35', 'receipts', 'insert', 1, '127.0.0.1'),
	(49, '2012-10-03 01:20:39', 'application_details', 'insert', 1, '127.0.0.1'),
	(50, '2012-10-03 01:20:39', 'booking_details', 'insert', 1, '127.0.0.1'),
	(51, '2012-10-03 01:20:39', 'receipts', 'insert', 1, '127.0.0.1'),
	(52, '2012-10-03 01:21:13', 'application_details', 'insert', 1, '127.0.0.1'),
	(53, '2012-10-03 01:21:14', 'booking_details', 'insert', 1, '127.0.0.1'),
	(54, '2012-10-03 01:21:14', 'receipts', 'insert', 1, '127.0.0.1'),
	(55, '2012-10-03 01:27:51', 'application_details', 'insert', 1, '127.0.0.1'),
	(56, '2012-10-03 01:27:51', 'booking_details', 'insert', 1, '127.0.0.1'),
	(57, '2012-10-03 01:27:51', 'receipts', 'insert', 1, '127.0.0.1'),
	(58, '2012-10-03 01:30:17', 'application_details', 'insert', 1, '127.0.0.1'),
	(59, '2012-10-03 01:30:17', 'booking_details', 'insert', 1, '127.0.0.1'),
	(60, '2012-10-03 01:30:17', 'receipts', 'insert', 1, '127.0.0.1'),
	(61, '2012-10-03 01:37:32', 'application_details', 'insert', 1, '127.0.0.1'),
	(62, '2012-10-03 01:37:32', 'booking_details', 'insert', 1, '127.0.0.1'),
	(63, '2012-10-03 01:37:32', 'receipts', 'insert', 1, '127.0.0.1'),
	(64, '2012-10-03 01:38:37', 'application_details', 'insert', 1, '127.0.0.1'),
	(65, '2012-10-03 01:38:37', 'booking_details', 'insert', 1, '127.0.0.1'),
	(66, '2012-10-03 01:38:37', 'receipts', 'insert', 1, '127.0.0.1'),
	(67, '2012-10-03 01:39:33', 'application_details', 'insert', 1, '127.0.0.1'),
	(68, '2012-10-03 01:39:33', 'booking_details', 'insert', 1, '127.0.0.1'),
	(69, '2012-10-03 01:39:33', 'receipts', 'insert', 1, '127.0.0.1'),
	(70, '2012-10-03 01:42:11', 'application_details', 'insert', 1, '127.0.0.1'),
	(71, '2012-10-03 01:42:11', 'booking_details', 'insert', 1, '127.0.0.1'),
	(72, '2012-10-03 01:42:12', 'receipts', 'insert', 1, '127.0.0.1'),
	(73, '2012-10-04 00:19:24', 'application_details', 'insert', 1, '127.0.0.1'),
	(74, '2012-10-04 00:19:25', 'booking_details', 'insert', 1, '127.0.0.1'),
	(75, '2012-10-04 00:19:25', 'receipts', 'insert', 1, '127.0.0.1'),
	(76, '2012-10-04 00:21:40', 'application_details', 'insert', 1, '127.0.0.1'),
	(77, '2012-10-04 00:21:40', 'booking_details', 'insert', 1, '127.0.0.1'),
	(78, '2012-10-04 00:21:40', 'receipts', 'insert', 1, '127.0.0.1'),
	(79, '2012-10-04 22:57:22', 'application_details', 'insert', 1, '127.0.0.1'),
	(80, '2012-10-04 22:57:22', 'booking_details', 'insert', 1, '127.0.0.1'),
	(81, '2012-10-04 22:57:22', 'receipts', 'insert', 1, '127.0.0.1'),
	(82, '2012-10-04 23:14:09', 'application_details', 'insert', 1, '127.0.0.1'),
	(83, '2012-10-04 23:14:10', 'booking_details', 'insert', 1, '127.0.0.1'),
	(84, '2012-10-04 23:14:10', 'receipts', 'insert', 1, '127.0.0.1'),
	(85, '2012-10-04 23:14:34', 'application_details', 'insert', 1, '127.0.0.1'),
	(86, '2012-10-04 23:14:35', 'booking_details', 'insert', 1, '127.0.0.1'),
	(87, '2012-10-04 23:14:35', 'receipts', 'insert', 1, '127.0.0.1'),
	(88, '2012-10-04 23:15:13', 'application_details', 'insert', 1, '127.0.0.1'),
	(89, '2012-10-04 23:15:13', 'booking_details', 'insert', 1, '127.0.0.1'),
	(90, '2012-10-04 23:15:14', 'receipts', 'insert', 1, '127.0.0.1'),
	(91, '2012-10-04 23:15:55', 'application_details', 'insert', 1, '127.0.0.1'),
	(92, '2012-10-04 23:15:56', 'booking_details', 'insert', 1, '127.0.0.1'),
	(93, '2012-10-04 23:15:56', 'receipts', 'insert', 1, '127.0.0.1'),
	(94, '2012-10-04 23:16:36', 'application_details', 'insert', 1, '127.0.0.1'),
	(95, '2012-10-04 23:16:36', 'booking_details', 'insert', 1, '127.0.0.1'),
	(96, '2012-10-04 23:16:36', 'receipts', 'insert', 1, '127.0.0.1'),
	(97, '2012-10-04 23:18:57', 'application_details', 'insert', 1, '127.0.0.1'),
	(98, '2012-10-04 23:18:57', 'booking_details', 'insert', 1, '127.0.0.1'),
	(99, '2012-10-04 23:18:57', 'receipts', 'insert', 1, '127.0.0.1'),
	(100, '2012-10-05 00:38:30', 'application_details', 'insert', 1, '127.0.0.1'),
	(101, '2012-10-05 00:38:31', 'booking_details', 'insert', 1, '127.0.0.1'),
	(102, '2012-10-05 00:38:31', 'receipts', 'insert', 1, '127.0.0.1'),
	(103, '2012-10-05 00:38:56', 'application_details', 'insert', 1, '127.0.0.1'),
	(104, '2012-10-05 00:38:56', 'booking_details', 'insert', 1, '127.0.0.1'),
	(105, '2012-10-05 00:38:56', 'receipts', 'insert', 1, '127.0.0.1'),
	(106, '2012-10-05 00:39:23', 'application_details', 'insert', 1, '127.0.0.1'),
	(107, '2012-10-05 00:39:23', 'booking_details', 'insert', 1, '127.0.0.1'),
	(108, '2012-10-05 00:39:23', 'receipts', 'insert', 1, '127.0.0.1'),
	(109, '2012-10-05 00:53:37', 'application_details', 'insert', 1, '127.0.0.1'),
	(110, '2012-10-05 00:53:37', 'booking_details', 'insert', 1, '127.0.0.1'),
	(111, '2012-10-05 00:53:37', 'receipts', 'insert', 1, '127.0.0.1'),
	(112, '2012-10-05 00:55:11', 'application_details', 'insert', 1, '127.0.0.1'),
	(113, '2012-10-05 00:55:12', 'booking_details', 'insert', 1, '127.0.0.1'),
	(114, '2012-10-05 00:55:12', 'receipts', 'insert', 1, '127.0.0.1'),
	(115, '2012-10-05 01:03:11', 'application_details', 'insert', 1, '127.0.0.1'),
	(116, '2012-10-05 01:03:11', 'booking_details', 'insert', 1, '127.0.0.1'),
	(117, '2012-10-05 01:03:11', 'receipts', 'insert', 1, '127.0.0.1'),
	(118, '2012-10-05 01:03:35', 'application_details', 'insert', 1, '127.0.0.1'),
	(119, '2012-10-05 01:03:35', 'booking_details', 'insert', 1, '127.0.0.1'),
	(120, '2012-10-05 01:03:35', 'receipts', 'insert', 1, '127.0.0.1'),
	(121, '2012-10-05 01:05:21', 'application_details', 'insert', 1, '127.0.0.1'),
	(122, '2012-10-05 01:05:21', 'booking_details', 'insert', 1, '127.0.0.1'),
	(123, '2012-10-05 01:05:22', 'receipts', 'insert', 1, '127.0.0.1'),
	(124, '2012-10-05 01:06:04', 'application_details', 'insert', 1, '127.0.0.1'),
	(125, '2012-10-05 01:06:04', 'booking_details', 'insert', 1, '127.0.0.1'),
	(126, '2012-10-05 01:06:05', 'receipts', 'insert', 1, '127.0.0.1'),
	(127, '2012-10-06 00:15:12', 'application_details', 'insert', 1, '127.0.0.1'),
	(128, '2012-10-06 00:15:12', 'booking_details', 'insert', 1, '127.0.0.1'),
	(129, '2012-10-06 00:15:12', 'receipts', 'insert', 1, '127.0.0.1'),
	(130, '2012-10-06 00:16:39', 'application_details', 'insert', 1, '127.0.0.1'),
	(131, '2012-10-06 00:16:39', 'booking_details', 'insert', 1, '127.0.0.1'),
	(132, '2012-10-06 00:16:39', 'receipts', 'insert', 1, '127.0.0.1'),
	(133, '2012-10-06 00:45:51', 'application_details', 'insert', 1, '127.0.0.1'),
	(134, '2012-10-06 00:45:51', 'booking_details', 'insert', 1, '127.0.0.1'),
	(135, '2012-10-06 00:45:52', 'receipts', 'insert', 1, '127.0.0.1'),
	(136, '2012-10-10 22:47:21', 'application_details', 'insert', 1, '127.0.0.1'),
	(137, '2012-10-10 22:47:21', 'booking_details', 'insert', 1, '127.0.0.1'),
	(138, '2012-10-10 22:47:21', 'receipts', 'insert', 1, '127.0.0.1'),
	(139, '2012-10-10 22:49:36', 'application_details', 'insert', 1, '127.0.0.1'),
	(140, '2012-10-10 22:49:36', 'booking_details', 'insert', 1, '127.0.0.1'),
	(141, '2012-10-10 22:49:36', 'receipts', 'insert', 1, '127.0.0.1'),
	(142, '2012-10-11 00:03:57', 'application_details', 'insert', 1, '127.0.0.1'),
	(143, '2012-10-11 00:03:57', 'booking_details', 'insert', 1, '127.0.0.1'),
	(144, '2012-10-11 00:03:57', 'receipts', 'insert', 1, '127.0.0.1'),
	(145, '2012-10-12 01:00:57', 'application_details', 'insert', 1, '127.0.0.1'),
	(146, '2012-10-12 01:00:57', 'booking_details', 'insert', 1, '127.0.0.1'),
	(147, '2012-10-12 01:00:57', 'receipts', 'insert', 1, '127.0.0.1'),
	(148, '2012-10-13 00:33:20', 'application_details', 'insert', 1, '127.0.0.1'),
	(149, '2012-10-13 00:33:20', 'booking_details', 'insert', 1, '127.0.0.1'),
	(150, '2012-10-13 00:33:20', 'receipts', 'insert', 1, '127.0.0.1'),
	(151, '2012-10-16 23:22:56', 'application_details', 'insert', 1, '127.0.0.1'),
	(152, '2012-10-16 23:22:56', 'booking_details', 'insert', 1, '127.0.0.1'),
	(153, '2012-10-16 23:22:56', 'receipts', 'insert', 1, '127.0.0.1'),
	(154, '2012-10-16 23:34:44', 'application_details', 'insert', 1, '127.0.0.1'),
	(155, '2012-10-16 23:34:44', 'booking_details', 'insert', 1, '127.0.0.1'),
	(156, '2012-10-16 23:34:44', 'receipts', 'insert', 1, '127.0.0.1'),
	(157, '2012-10-16 23:35:50', 'application_details', 'insert', 1, '127.0.0.1'),
	(158, '2012-10-16 23:35:50', 'booking_details', 'insert', 1, '127.0.0.1'),
	(159, '2012-10-16 23:35:51', 'receipts', 'insert', 1, '127.0.0.1'),
	(160, '2012-10-16 23:43:41', 'application_details', 'insert', 1, '127.0.0.1'),
	(161, '2012-10-16 23:43:41', 'booking_details', 'insert', 1, '127.0.0.1'),
	(162, '2012-10-16 23:43:41', 'receipts', 'insert', 1, '127.0.0.1'),
	(163, '2012-10-16 23:47:07', 'application_details', 'insert', 1, '127.0.0.1'),
	(164, '2012-10-16 23:48:01', 'application_details', 'insert', 1, '127.0.0.1'),
	(165, '2012-10-16 23:48:01', 'booking_details', 'insert', 1, '127.0.0.1'),
	(166, '2012-10-16 23:48:01', 'receipts', 'insert', 1, '127.0.0.1'),
	(167, '2012-10-16 23:49:14', 'application_details', 'insert', 1, '127.0.0.1'),
	(168, '2012-10-16 23:49:53', 'application_details', 'insert', 1, '127.0.0.1'),
	(169, '2012-10-16 23:49:53', 'booking_details', 'insert', 1, '127.0.0.1'),
	(170, '2012-10-16 23:49:53', 'receipts', 'insert', 1, '127.0.0.1'),
	(171, '2012-10-27 18:42:22', 'application_details', 'insert', 1, '127.0.0.1'),
	(172, '2012-10-27 18:42:22', 'booking_details', 'insert', 1, '127.0.0.1'),
	(173, '2012-10-27 18:42:22', 'receipts', 'insert', 1, '127.0.0.1'),
	(174, '2012-10-29 22:34:18', 'application_details', 'insert', 1, '127.0.0.1'),
	(175, '2012-10-29 22:34:19', 'booking_details', 'insert', 1, '127.0.0.1'),
	(176, '2012-10-29 22:34:19', 'receipts', 'insert', 1, '127.0.0.1'),
	(177, '2012-10-30 00:24:02', 'blocks', 'insert', 1, '127.0.0.1'),
	(178, '2012-10-30 00:26:28', 'blocks', 'update', 1, '127.0.0.1'),
	(179, '2012-10-30 00:27:51', 'blocks', 'update', 1, '127.0.0.1'),
	(180, '2012-10-30 00:28:57', 'blocks', 'update', 1, '127.0.0.1'),
	(181, '2012-10-30 00:29:21', 'blocks', 'update', 1, '127.0.0.1'),
	(182, '2012-10-30 00:40:09', 'blocks', 'update', 1, '127.0.0.1'),
	(183, '2012-10-30 01:21:42', 'blocks', 'update', 1, '127.0.0.1'),
	(184, '2012-10-30 01:22:50', 'blocks', 'update', 1, '127.0.0.1'),
	(185, '2012-10-30 01:23:54', 'blocks', 'update', 1, '127.0.0.1'),
	(186, '2012-10-30 22:46:34', 'rooms', 'update', 1, '127.0.0.1'),
	(187, '2012-10-30 22:50:08', 'rooms', 'update', 1, '127.0.0.1'),
	(188, '2012-10-30 22:54:04', 'rooms', 'update', 1, '127.0.0.1'),
	(189, '2012-10-30 22:58:36', 'rooms', 'update', 1, '127.0.0.1'),
	(190, '2012-10-30 23:01:29', 'rooms', 'update', 1, '127.0.0.1'),
	(191, '2012-10-30 23:01:35', 'rooms', 'update', 1, '127.0.0.1'),
	(192, '2012-10-30 23:02:23', 'rooms', 'update', 1, '127.0.0.1'),
	(193, '2012-10-30 23:03:44', 'rooms', 'update', 1, '127.0.0.1'),
	(194, '2012-10-30 23:05:39', 'rooms', 'update', 1, '127.0.0.1'),
	(195, '2012-10-30 23:11:57', 'rooms', 'update', 1, '127.0.0.1'),
	(196, '2012-10-30 23:12:20', 'rooms', 'update', 1, '127.0.0.1'),
	(197, '2012-10-30 23:12:37', 'rooms', 'update', 1, '127.0.0.1'),
	(198, '2012-10-30 23:20:47', 'rooms', 'insert', 1, '127.0.0.1'),
	(199, '2012-10-30 23:21:53', 'rooms', 'insert', 1, '127.0.0.1'),
	(200, '2012-10-30 23:22:51', 'rooms', 'insert', 1, '127.0.0.1'),
	(201, '2012-10-30 23:23:13', 'rooms', 'insert', 1, '127.0.0.1'),
	(202, '2012-10-30 23:24:08', 'rooms', 'insert', 1, '127.0.0.1'),
	(203, '2012-10-30 23:24:30', 'rooms', 'update', 1, '127.0.0.1'),
	(204, '2012-10-30 23:28:57', 'rooms', 'update', 1, '127.0.0.1'),
	(205, '2012-10-31 00:22:16', 'rooms', 'update', 1, '127.0.0.1'),
	(206, '2012-10-31 00:25:37', 'users', 'update', 1, '127.0.0.1'),
	(207, '2012-10-31 00:27:20', 'users', 'insert', 1, '127.0.0.1'),
	(208, '2012-11-02 23:38:35', 'application_details', 'insert', 1, '127.0.0.1'),
	(209, '2012-11-02 23:38:35', 'booking_details', 'insert', 1, '127.0.0.1'),
	(210, '2012-11-02 23:38:35', 'receipts', 'insert', 1, '127.0.0.1'),
	(211, '2012-11-02 23:55:40', 'application_details', 'insert', 1, '127.0.0.1'),
	(212, '2012-11-02 23:55:40', 'booking_details', 'insert', 1, '127.0.0.1'),
	(213, '2012-11-02 23:55:40', 'receipts', 'insert', 1, '127.0.0.1'),
	(214, '2012-11-03 00:12:42', 'application_details', 'insert', 1, '127.0.0.1'),
	(215, '2012-11-03 00:12:42', 'booking_details', 'insert', 1, '127.0.0.1'),
	(216, '2012-11-03 00:12:43', 'receipts', 'insert', 1, '127.0.0.1'),
	(217, '2012-11-03 00:51:32', 'application_details', 'insert', 1, '127.0.0.1'),
	(218, '2012-11-03 00:51:33', 'booking_details', 'insert', 1, '127.0.0.1'),
	(219, '2012-11-03 00:51:33', 'receipts', 'insert', 1, '127.0.0.1'),
	(220, '2012-11-03 16:59:17', 'booking_details', 'update', 1, '127.0.0.1'),
	(221, '2012-11-03 16:59:17', 'booking_details', 'update', 1, '127.0.0.1'),
	(222, '2012-11-03 16:59:17', 'payments', 'insert', 1, '127.0.0.1'),
	(223, '2012-11-03 16:59:17', 'payments', 'insert', 1, '127.0.0.1'),
	(224, '2012-11-03 17:02:04', 'booking_details', 'update', 1, '127.0.0.1'),
	(225, '2012-11-03 17:02:04', 'booking_details', 'update', 1, '127.0.0.1'),
	(226, '2012-11-03 17:02:04', 'booking_details', 'update', 1, '127.0.0.1'),
	(227, '2012-11-03 17:02:04', 'payments', 'insert', 1, '127.0.0.1'),
	(228, '2012-11-03 17:02:04', 'payments', 'insert', 1, '127.0.0.1'),
	(229, '2012-11-03 17:02:05', 'payments', 'insert', 1, '127.0.0.1'),
	(230, '2012-11-03 17:07:22', 'booking_details', 'update', 1, '127.0.0.1'),
	(231, '2012-11-03 17:07:22', 'booking_details', 'update', 1, '127.0.0.1'),
	(232, '2012-11-03 17:07:22', 'payments', 'insert', 1, '127.0.0.1'),
	(233, '2012-11-03 17:07:22', 'payments', 'insert', 1, '127.0.0.1'),
	(234, '2012-11-03 17:08:56', 'booking_details', 'update', 1, '127.0.0.1'),
	(235, '2012-11-03 17:08:56', 'payments', 'insert', 1, '127.0.0.1'),
	(236, '2012-11-03 17:26:26', 'application_details', 'insert', 1, '127.0.0.1'),
	(237, '2012-11-03 17:26:26', 'booking_details', 'insert', 1, '127.0.0.1'),
	(238, '2012-11-03 17:26:26', 'receipts', 'insert', 1, '127.0.0.1'),
	(239, '2012-11-03 17:28:47', 'booking_details', 'update', 1, '127.0.0.1'),
	(240, '2012-11-03 17:28:47', 'payments', 'insert', 1, '127.0.0.1'),
	(241, '2012-11-04 13:06:45', 'blocks', 'update', 1, '127.0.0.1'),
	(242, '2012-11-04 13:07:09', 'blocks', 'update', 1, '127.0.0.1'),
	(243, '2012-11-04 13:07:30', 'blocks', 'update', 1, '127.0.0.1'),
	(244, '2012-11-04 13:07:40', 'blocks', 'update', 1, '127.0.0.1'),
	(245, '2012-11-04 13:09:08', 'rooms', 'update', 1, '127.0.0.1'),
	(246, '2012-11-04 13:12:43', 'blocks', 'update', 1, '127.0.0.1'),
	(247, '2012-11-04 13:13:22', 'blocks', 'update', 1, '127.0.0.1'),
	(248, '2012-11-04 13:13:40', 'rooms', 'update', 1, '127.0.0.1'),
	(249, '2012-11-04 13:16:14', 'application_details', 'insert', 1, '127.0.0.1'),
	(250, '2012-11-04 13:16:14', 'booking_details', 'insert', 1, '127.0.0.1'),
	(251, '2012-11-04 13:16:14', 'receipts', 'insert', 1, '127.0.0.1'),
	(252, '2012-11-04 13:48:30', 'users', 'update', 1, '127.0.0.1'),
	(253, '2012-11-04 13:53:10', 'rooms', 'update', 1, '127.0.0.1'),
	(254, '2012-11-04 14:03:03', 'application_details', 'insert', 1, '127.0.0.1'),
	(255, '2012-11-04 14:03:03', 'booking_details', 'insert', 1, '127.0.0.1'),
	(256, '2012-11-04 14:03:03', 'receipts', 'insert', 1, '127.0.0.1'),
	(257, '2012-11-04 14:07:55', 'booking_details', 'update', 1, '127.0.0.1'),
	(258, '2012-11-04 14:07:55', 'payments', 'insert', 1, '127.0.0.1'),
	(259, '2012-11-04 15:47:18', 'application_details', 'insert', 1, '127.0.0.1'),
	(260, '2012-11-04 15:47:18', 'booking_details', 'insert', 1, '127.0.0.1'),
	(261, '2012-11-04 15:47:18', 'receipts', 'insert', 1, '127.0.0.1'),
	(262, '2012-11-07 23:45:42', 'application_details', 'insert', 1, '127.0.0.1'),
	(263, '2012-11-07 23:45:42', 'booking_details', 'insert', 1, '127.0.0.1'),
	(264, '2012-11-07 23:45:43', 'receipts', 'insert', 1, '127.0.0.1'),
	(265, '2012-11-08 00:25:55', 'application_details', 'insert', 1, '127.0.0.1'),
	(266, '2012-11-08 00:25:55', 'booking_details', 'insert', 1, '127.0.0.1'),
	(267, '2012-11-08 00:25:55', 'receipts', 'insert', 1, '127.0.0.1'),
	(268, '2012-11-08 00:29:15', 'booking_details', 'update', 1, '127.0.0.1'),
	(269, '2012-11-08 00:29:15', 'payments', 'insert', 1, '127.0.0.1'),
	(270, '2012-11-08 22:59:36', 'application_details', 'insert', 1, '127.0.0.1'),
	(271, '2012-11-08 22:59:37', 'booking_details', 'insert', 1, '127.0.0.1'),
	(272, '2012-11-08 22:59:37', 'receipts', 'insert', 1, '127.0.0.1'),
	(273, '2012-11-11 23:54:21', 'application_details', 'insert', 1, '127.0.0.1'),
	(274, '2012-11-11 23:54:22', 'booking_details', 'insert', 1, '127.0.0.1'),
	(275, '2012-11-11 23:54:22', 'receipts', 'insert', 1, '127.0.0.1'),
	(276, '2012-11-20 22:36:51', 'application_details', 'insert', 1, '127.0.0.1'),
	(277, '2012-11-20 22:36:51', 'booking_details', 'insert', 1, '127.0.0.1'),
	(278, '2012-11-20 22:36:51', 'receipts', 'insert', 1, '127.0.0.1'),
	(279, '2012-11-20 22:38:46', 'application_details', 'insert', 1, '127.0.0.1'),
	(280, '2012-11-20 22:38:46', 'booking_details', 'insert', 1, '127.0.0.1'),
	(281, '2012-11-20 22:38:46', 'receipts', 'insert', 1, '127.0.0.1'),
	(282, '2013-08-15 10:31:51', 'application_details', 'insert', 1, '127.0.0.1'),
	(283, '2013-08-15 10:31:51', 'booking_details', 'insert', 1, '127.0.0.1'),
	(284, '2013-08-15 10:31:51', 'receipts', 'insert', 1, '127.0.0.1'),
	(285, '2013-08-15 10:36:45', 'application_details', 'insert', 1, '127.0.0.1'),
	(286, '2013-08-15 10:36:45', 'booking_details', 'insert', 1, '127.0.0.1'),
	(287, '2013-08-15 10:36:45', 'receipts', 'insert', 1, '127.0.0.1'),
	(288, '2013-08-15 10:39:22', 'booking_details', 'update', 1, '127.0.0.1'),
	(289, '2013-08-15 10:39:22', 'payments', 'insert', 1, '127.0.0.1'),
	(290, '2013-08-15 10:48:59', 'application_details', 'insert', 1, '127.0.0.1'),
	(291, '2013-08-15 10:48:59', 'booking_details', 'insert', 1, '127.0.0.1'),
	(292, '2013-08-15 10:48:59', 'receipts', 'insert', 1, '127.0.0.1'),
	(293, '2013-08-15 11:12:10', 'blocks', 'update', 1, '127.0.0.1'),
	(294, '2013-08-15 11:12:50', 'blocks', 'update', 1, '127.0.0.1'),
	(295, '2013-08-15 11:13:25', 'rooms', 'update', 1, '127.0.0.1'),
	(296, '2013-08-15 11:14:01', 'rooms', 'update', 1, '127.0.0.1'),
	(297, '2013-08-15 11:15:10', 'rooms', 'update', 1, '127.0.0.1'),
	(298, '2013-08-15 11:15:31', 'rooms', 'update', 1, '127.0.0.1'),
	(299, '2013-08-25 14:32:06', 'application_details', 'insert', 1, '127.0.0.1'),
	(300, '2013-08-25 14:32:06', 'booking_details', 'insert', 1, '127.0.0.1'),
	(301, '2013-08-25 14:32:06', 'receipts', 'insert', 1, '127.0.0.1'),
	(302, '2013-08-25 14:33:42', 'application_details', 'insert', 1, '127.0.0.1'),
	(303, '2013-08-25 14:33:42', 'booking_details', 'insert', 1, '127.0.0.1'),
	(304, '2013-08-25 14:33:43', 'receipts', 'insert', 1, '127.0.0.1'),
	(305, '2013-08-25 14:36:09', 'booking_details', 'update', 1, '127.0.0.1'),
	(306, '2013-08-25 14:36:09', 'payments', 'insert', 1, '127.0.0.1'),
	(307, '2013-08-25 14:37:44', 'application_details', 'insert', 1, '127.0.0.1'),
	(308, '2013-08-25 14:37:44', 'booking_details', 'insert', 1, '127.0.0.1'),
	(309, '2013-08-25 14:37:44', 'receipts', 'insert', 1, '127.0.0.1'),
	(310, '2013-08-25 14:47:28', 'rooms', 'update', 1, '127.0.0.1'),
	(311, '2013-08-25 14:57:13', 'blocks', 'insert', 1, '127.0.0.1'),
	(312, '2013-08-25 14:58:58', 'rooms', 'insert', 1, '127.0.0.1'),
	(313, '2013-08-25 14:59:50', 'rooms', 'insert', 1, '127.0.0.1'),
	(314, '2013-08-25 15:00:00', 'rooms', 'insert', 1, '127.0.0.1'),
	(315, '2013-08-25 15:00:01', 'rooms', 'insert', 1, '127.0.0.1'),
	(316, '2013-08-25 15:00:01', 'rooms', 'insert', 1, '127.0.0.1'),
	(317, '2013-08-25 15:00:02', 'rooms', 'insert', 1, '127.0.0.1'),
	(318, '2013-08-25 15:00:02', 'rooms', 'insert', 1, '127.0.0.1'),
	(319, '2013-08-25 15:00:41', 'rooms', 'insert', 1, '127.0.0.1'),
	(320, '2013-08-25 15:01:07', 'rooms', 'update', 1, '127.0.0.1'),
	(321, '2013-08-25 15:02:13', 'rooms', 'update', 1, '127.0.0.1'),
	(322, '2013-08-25 15:04:40', 'rooms', 'update', 1, '127.0.0.1'),
	(323, '2013-08-25 15:08:17', 'rooms', 'insert', 1, '127.0.0.1'),
	(324, '2013-08-25 15:08:39', 'rooms', 'insert', 1, '127.0.0.1'),
	(325, '2013-08-25 15:09:10', 'blocks', 'insert', 1, '127.0.0.1'),
	(326, '2013-08-25 15:09:37', 'rooms', 'insert', 1, '127.0.0.1'),
	(327, '2013-08-25 15:10:21', 'blocks', 'update', 1, '127.0.0.1'),
	(328, '2013-08-25 15:12:11', 'blocks', 'insert', 1, '127.0.0.1'),
	(329, '2013-08-25 15:12:36', 'rooms', 'insert', 1, '127.0.0.1'),
	(330, '2013-08-25 15:13:22', 'blocks', 'update', 1, '127.0.0.1'),
	(331, '2013-08-25 15:13:57', 'rooms', 'insert', 1, '127.0.0.1'),
	(332, '2013-08-25 15:14:02', 'rooms', 'insert', 1, '127.0.0.1'),
	(333, '2013-08-25 15:14:02', 'rooms', 'insert', 1, '127.0.0.1'),
	(334, '2013-08-25 15:14:02', 'rooms', 'insert', 1, '127.0.0.1'),
	(335, '2013-08-25 15:14:36', 'rooms', 'insert', 1, '127.0.0.1'),
	(336, '2013-08-25 15:23:47', 'application_details', 'insert', 1, '127.0.0.1'),
	(337, '2013-08-25 15:23:47', 'booking_details', 'insert', 1, '127.0.0.1'),
	(338, '2013-08-25 15:23:47', 'receipts', 'insert', 1, '127.0.0.1'),
	(339, '2013-08-25 15:43:27', 'blocks', 'update', 1, '127.0.0.1'),
	(340, '2013-08-25 15:44:01', 'rooms', 'insert', 1, '127.0.0.1'),
	(341, '2013-08-25 15:47:08', 'users', 'insert', 1, '127.0.0.1'),
	(342, '2013-08-25 15:53:46', 'rooms', 'insert', 1, '127.0.0.1'),
	(343, '2013-08-25 15:54:10', 'rooms', 'insert', 1, '127.0.0.1'),
	(344, '2013-08-25 15:55:30', 'application_details', 'insert', 1, '127.0.0.1'),
	(345, '2013-08-25 15:55:30', 'booking_details', 'insert', 1, '127.0.0.1'),
	(346, '2013-08-25 15:55:30', 'receipts', 'insert', 1, '127.0.0.1'),
	(347, '2013-08-25 16:24:48', 'application_details', 'insert', 1, '127.0.0.1'),
	(348, '2013-08-25 16:24:48', 'booking_details', 'insert', 1, '127.0.0.1'),
	(349, '2013-08-25 16:24:48', 'receipts', 'insert', 1, '127.0.0.1');
/*!40000 ALTER TABLE `update_history_main_php` ENABLE KEYS */;


-- Dumping structure for table vemulavada_temple.users
DROP TABLE IF EXISTS `users`;
CREATE TABLE IF NOT EXISTS `users` (
  `id` bigint(10) NOT NULL AUTO_INCREMENT,
  `emp_fname` varchar(100) DEFAULT NULL,
  `emp_lname` varchar(100) DEFAULT NULL,
  `emp_id` varchar(100) DEFAULT NULL,
  `user_name` varchar(100) DEFAULT NULL,
  `password` varchar(10) DEFAULT NULL,
  `emp_role` int(11) DEFAULT NULL,
  `status` enum('1','0') DEFAULT '1',
  `created_by` int(2) DEFAULT NULL,
  `created_date` datetime DEFAULT NULL,
  `modified_by` int(2) DEFAULT NULL,
  `modified_date` datetime DEFAULT NULL,
  `ipaddress` varchar(100) DEFAULT NULL,
  PRIMARY KEY (`id`)
) ENGINE=InnoDB AUTO_INCREMENT=7 DEFAULT CHARSET=latin1;

-- Dumping data for table vemulavada_temple.users: ~6 rows (approximately)
DELETE FROM `users`;
/*!40000 ALTER TABLE `users` DISABLE KEYS */;
INSERT INTO `users` (`id`, `emp_fname`, `emp_lname`, `emp_id`, `user_name`, `password`, `emp_role`, `status`, `created_by`, `created_date`, `modified_by`, `modified_date`, `ipaddress`) VALUES
	(1, 'Admin', 'Admin', '1', 'admin', '12345', 1, '1', NULL, NULL, NULL, NULL, NULL),
	(2, 'AEO1', 'AEO1', '1', 'aeo', '12345', 2, '1', NULL, NULL, 1, '2012-10-30 18:55:37', '127.0.0.1'),
	(3, 'superintendent', 'superintendent', '1', 'super', '12345', 3, '1', NULL, NULL, NULL, NULL, NULL),
	(4, 'operator', '1', '1', 'operator1', '12345', 4, '1', NULL, NULL, 1, '2012-11-04 08:18:30', '127.0.0.1'),
	(5, 'Operator', '2', 'asd', 'operator2', '12345', 4, '1', 1, '2012-10-30 18:57:20', 1, '2012-10-30 18:57:20', '127.0.0.1'),
	(6, 'operator', '3', '665', 'operator3', '12345', 4, '1', 1, '2013-08-25 10:17:08', 1, '2013-08-25 10:17:08', '127.0.0.1');
/*!40000 ALTER TABLE `users` ENABLE KEYS */;
/*!40014 SET FOREIGN_KEY_CHECKS=1 */;
/*!40101 SET CHARACTER_SET_CLIENT=@OLD_CHARACTER_SET_CLIENT */;
